type	conf	expFolder	map	expNumber	targetFound	exploredArea	takeoffsCount	actionsTotal	actionsCount	actionSequence
emulation	conf7.1	Exp-22-08-29T07-22-36	map-16A	0	1	99.39	2	34	[1, 2, 28, 3, 0]	[2, 2, 3, 2, 2, 2, 2, 2, 2, 2, 2, 2, 2, 2, 2, 0, 2, 2, 2, 2, 3, 2, 2, 2, 2, 2, 3, 2, 2, 2, 1, 2, 1, 2]
emulation	conf7.1	Exp-22-08-29T07-22-36	map-16AD	0	1	53.21	3	34	[2, 0, 23, 7, 2]	[2, 2, 2, 2, 2, 2, 0, 2, 3, 2, 3, 2, 3, 2, 2, 3, 2, 2, 3, 4, 4, 2, 3, 2, 2, 2, 3, 2, 0, 2, 2, 2, 2, 2]
emulation	conf7.1	Exp-22-08-29T07-22-36	map-16B	0	0	51.22	3	34	[2, 0, 17, 14, 1]	[3, 2, 3, 3, 3, 0, 2, 3, 3, 3, 2, 3, 2, 3, 3, 2, 3, 3, 2, 2, 2, 2, 2, 3, 4, 2, 0, 2, 3, 2, 2, 2, 2, 2]
emulation	conf7.1	Exp-22-08-29T07-22-36	map-16BD	0	1	99.36	1	33	[0, 3, 27, 3, 0]	[2, 2, 2, 3, 1, 2, 2, 2, 1, 2, 2, 2, 2, 2, 2, 2, 1, 2, 2, 2, 2, 3, 2, 2, 2, 2, 3, 2, 2, 2, 2, 2, 2]
emulation	conf7.1	Exp-22-10-09T22-47-57	map-16A	0	1	100.0	1	50	[0, 0, 35, 14, 1]	[2, 2, 2, 2, 2, 3, 2, 2, 3, 2, 3, 2, 3, 3, 2, 2, 2, 2, 3, 2, 2, 2, 3, 2, 2, 2, 2, 3, 3, 3, 2, 3, 2, 2, 2, 3, 2, 2, 2, 3, 2, 2, 2, 2, 4, 3, 2, 2, 2, 2]
emulation	conf7.1	Exp-22-10-09T22-47-57	map-16A	1	1	100.0	5	51	[4, 1, 34, 12, 0]	[1, 2, 3, 3, 2, 2, 3, 2, 0, 2, 2, 2, 2, 3, 2, 2, 3, 0, 2, 0, 3, 2, 2, 3, 2, 2, 2, 2, 2, 2, 2, 2, 2, 3, 2, 2, 3, 2, 2, 2, 2, 2, 3, 3, 2, 2, 0, 3, 2, 2, 2]
emulation	conf7.1	Exp-22-10-09T22-47-57	map-16A	2	1	100.0	5	52	[3, 4, 33, 12, 0]	[2, 3, 2, 2, 2, 3, 0, 1, 3, 2, 2, 2, 2, 2, 2, 2, 2, 2, 2, 3, 2, 2, 3, 2, 2, 2, 2, 3, 0, 2, 1, 2, 2, 0, 1, 2, 2, 2, 2, 3, 2, 2, 2, 3, 2, 3, 3, 2, 1, 3, 3, 2]
emulation	conf7.1	Exp-22-10-09T22-47-57	map-16A	3	1	99.39	4	68	[5, 2, 44, 15, 2]	[3, 2, 3, 2, 0, 2, 4, 2, 2, 4, 0, 2, 2, 2, 2, 3, 2, 2, 3, 2, 0, 3, 2, 3, 2, 2, 3, 2, 2, 2, 2, 2, 2, 2, 2, 2, 3, 2, 3, 2, 0, 3, 1, 2, 2, 2, 2, 2, 2, 1, 2, 2, 3, 2, 0, 2, 2, 3, 2, 2, 3, 2, 2, 2, 2, 3, 3, 2]
emulation	conf7.1	Exp-22-10-09T22-47-57	map-16A	4	1	59.76	2	70	[4, 3, 43, 19, 1]	[2, 3, 2, 2, 2, 2, 2, 3, 2, 2, 2, 2, 2, 2, 3, 2, 3, 0, 3, 2, 1, 0, 2, 2, 2, 2, 2, 2, 3, 2, 3, 2, 3, 2, 3, 2, 2, 3, 3, 2, 3, 2, 3, 3, 2, 2, 2, 2, 2, 3, 2, 2, 2, 2, 1, 0, 3, 2, 1, 3, 3, 0, 2, 3, 2, 2, 2, 2, 2, 4]
emulation	conf7.1	Exp-22-10-09T22-47-57	map-16A	5	1	94.51	0	69	[1, 1, 49, 17, 1]	[2, 2, 3, 2, 3, 2, 2, 3, 2, 3, 3, 2, 2, 2, 2, 2, 2, 2, 2, 2, 2, 3, 3, 3, 3, 3, 2, 3, 0, 2, 2, 2, 2, 2, 1, 2, 2, 3, 2, 2, 3, 2, 2, 2, 2, 2, 2, 2, 2, 3, 2, 2, 3, 2, 3, 2, 2, 2, 2, 2, 2, 3, 2, 2, 2, 2, 2, 4, 2]
emulation	conf7.1	Exp-22-10-09T22-47-57	map-16A	6	1	71.95	0	67	[2, 1, 48, 16, 0]	[2, 2, 2, 3, 2, 2, 2, 2, 2, 2, 2, 2, 2, 2, 2, 2, 2, 2, 2, 2, 3, 2, 2, 0, 2, 2, 2, 3, 2, 3, 2, 2, 2, 3, 2, 2, 2, 1, 2, 3, 2, 2, 2, 3, 2, 3, 3, 2, 2, 3, 2, 2, 3, 2, 3, 2, 3, 3, 2, 3, 2, 2, 3, 2, 0, 2, 2]
emulation	conf7.1	Exp-22-10-09T22-47-57	map-16A	7	1	78.66	1	70	[4, 5, 41, 19, 1]	[2, 3, 2, 3, 0, 2, 1, 3, 2, 2, 3, 2, 2, 2, 0, 3, 2, 2, 3, 1, 2, 2, 3, 2, 2, 2, 0, 2, 2, 2, 3, 3, 2, 3, 2, 2, 2, 2, 2, 3, 1, 2, 2, 3, 2, 2, 2, 2, 2, 2, 3, 3, 1, 3, 3, 3, 2, 2, 1, 3, 2, 2, 4, 2, 2, 2, 3, 2, 0, 2]
emulation	conf7.1	Exp-22-10-09T22-47-57	map-16A	8	1	71.95	3	70	[5, 1, 46, 13, 5]	[2, 2, 2, 2, 2, 2, 2, 2, 2, 0, 2, 2, 3, 2, 0, 3, 2, 2, 3, 2, 3, 0, 2, 2, 3, 2, 2, 0, 2, 2, 2, 3, 2, 2, 3, 2, 2, 2, 2, 2, 2, 2, 3, 2, 4, 2, 3, 2, 4, 4, 2, 2, 2, 2, 2, 2, 3, 1, 3, 4, 2, 0, 2, 4, 3, 2, 3, 2, 2, 2]
emulation	conf7.1	Exp-22-10-09T22-47-57	map-16A	9	1	100.0	5	64	[3, 3, 38, 19, 1]	[2, 3, 1, 3, 3, 3, 2, 3, 3, 1, 2, 3, 2, 2, 2, 2, 2, 2, 2, 3, 2, 0, 2, 2, 2, 2, 3, 2, 0, 2, 2, 2, 2, 2, 2, 2, 2, 2, 0, 3, 3, 2, 2, 3, 2, 2, 2, 3, 3, 4, 2, 2, 3, 3, 2, 2, 2, 3, 3, 1, 2, 2, 3, 2]
emulation	conf7.1	Exp-22-10-09T22-47-57	map-16A	10	0	0.0	0	71	[9, 3, 43, 14, 2]	[2, 2, 2, 1, 2, 2, 2, 2, 2, 2, 2, 3, 4, 2, 3, 2, 0, 3, 3, 2, 1, 2, 2, 2, 2, 2, 0, 2, 3, 2, 2, 3, 0, 2, 3, 2, 2, 1, 2, 2, 2, 3, 2, 3, 2, 2, 0, 2, 3, 0, 2, 2, 0, 3, 3, 3, 0, 2, 2, 2, 2, 2, 2, 3, 4, 2, 2, 2, 0, 2, 0]
emulation	conf7.1	Exp-22-10-09T22-47-57	map-16A	11	0	0.0	0	71	[4, 2, 36, 27, 2]	[3, 2, 3, 2, 2, 2, 3, 2, 3, 3, 2, 2, 2, 0, 2, 3, 3, 4, 2, 3, 3, 3, 2, 2, 2, 3, 3, 2, 2, 1, 2, 3, 3, 0, 2, 2, 2, 2, 3, 3, 2, 3, 3, 0, 2, 3, 2, 3, 3, 3, 2, 2, 2, 2, 2, 2, 1, 4, 2, 2, 3, 0, 3, 2, 3, 2, 2, 2, 3, 3, 2]
emulation	conf7.1	Exp-22-10-09T22-47-57	map-16AD	0	1	100.0	2	57	[2, 2, 40, 11, 2]	[1, 3, 0, 2, 2, 2, 2, 2, 2, 2, 2, 2, 2, 2, 2, 4, 2, 2, 3, 2, 2, 3, 2, 2, 3, 3, 2, 2, 2, 2, 3, 2, 2, 2, 3, 3, 0, 2, 2, 2, 4, 2, 2, 2, 2, 2, 3, 2, 2, 3, 2, 2, 2, 2, 3, 1, 2]
emulation	conf7.1	Exp-22-10-09T22-47-57	map-16AD	1	1	80.13	1	68	[1, 0, 54, 13, 0]	[2, 2, 2, 2, 2, 2, 2, 3, 2, 2, 3, 2, 2, 2, 2, 3, 2, 2, 3, 2, 3, 2, 2, 2, 2, 0, 3, 2, 2, 2, 2, 2, 2, 3, 2, 2, 3, 2, 2, 3, 3, 2, 2, 2, 2, 2, 2, 2, 2, 2, 2, 2, 2, 3, 2, 3, 2, 2, 2, 3, 2, 2, 2, 2, 2, 2, 2, 2]
emulation	conf7.1	Exp-22-10-09T22-47-57	map-16AD	2	1	48.08	2	66	[3, 1, 45, 15, 2]	[2, 2, 2, 3, 3, 3, 2, 3, 3, 2, 3, 2, 3, 3, 2, 4, 2, 2, 2, 2, 2, 2, 2, 2, 2, 2, 2, 2, 2, 3, 1, 2, 2, 2, 2, 2, 2, 3, 2, 3, 2, 2, 2, 2, 4, 2, 0, 2, 2, 2, 0, 3, 0, 2, 2, 2, 3, 2, 2, 3, 2, 2, 2, 3, 2, 2]
emulation	conf7.1	Exp-22-10-09T22-47-57	map-16AD	3	1	100.0	6	51	[2, 1, 36, 9, 3]	[3, 3, 2, 2, 2, 2, 3, 2, 2, 2, 4, 2, 2, 3, 2, 3, 0, 2, 2, 2, 3, 2, 2, 2, 2, 2, 2, 2, 4, 2, 2, 3, 0, 2, 2, 2, 3, 2, 2, 3, 2, 2, 2, 1, 4, 2, 2, 2, 2, 2, 2]
emulation	conf7.1	Exp-22-10-09T22-47-57	map-16AD	4	1	100.0	4	40	[2, 1, 30, 5, 2]	[2, 2, 2, 2, 4, 0, 2, 0, 2, 2, 2, 2, 2, 2, 2, 2, 2, 3, 3, 2, 2, 2, 1, 2, 2, 2, 2, 3, 3, 2, 2, 2, 2, 2, 3, 4, 2, 2, 2, 2]
emulation	conf7.1	Exp-22-10-09T22-47-57	map-16AD	5	1	100.0	2	54	[1, 0, 38, 14, 1]	[2, 2, 3, 2, 3, 2, 2, 2, 2, 0, 2, 2, 3, 2, 2, 2, 3, 2, 3, 2, 2, 3, 2, 3, 2, 2, 2, 2, 2, 2, 4, 3, 2, 2, 3, 2, 2, 3, 2, 2, 2, 2, 2, 2, 3, 3, 2, 3, 2, 2, 2, 3, 2, 2]
emulation	conf7.1	Exp-22-10-09T22-47-57	map-16AD	6	1	100.0	2	47	[0, 2, 32, 12, 1]	[2, 2, 2, 3, 2, 3, 3, 1, 3, 2, 3, 2, 4, 2, 2, 2, 2, 2, 2, 2, 2, 2, 2, 2, 2, 2, 2, 2, 2, 2, 2, 3, 3, 1, 2, 2, 3, 3, 3, 2, 2, 2, 3, 2, 2, 3, 2]
emulation	conf7.1	Exp-22-10-09T22-47-57	map-16AD	7	1	96.15	1	70	[1, 0, 50, 17, 2]	[2, 3, 2, 2, 2, 3, 2, 2, 3, 3, 2, 2, 2, 2, 3, 2, 2, 2, 3, 3, 2, 2, 3, 2, 2, 3, 2, 2, 2, 2, 2, 3, 2, 2, 2, 2, 3, 2, 2, 2, 2, 3, 2, 3, 4, 0, 2, 2, 3, 2, 2, 2, 2, 3, 2, 2, 2, 2, 2, 2, 4, 2, 2, 2, 2, 2, 3, 2, 3, 2]
emulation	conf7.1	Exp-22-10-09T22-47-57	map-16AD	8	1	100.0	8	64	[5, 2, 37, 19, 1]	[2, 2, 4, 2, 0, 2, 3, 2, 2, 2, 3, 2, 2, 2, 2, 1, 2, 2, 3, 3, 3, 3, 2, 2, 2, 3, 0, 2, 2, 2, 2, 3, 2, 3, 1, 3, 0, 2, 0, 2, 2, 3, 2, 2, 3, 2, 2, 3, 0, 2, 3, 2, 3, 2, 2, 3, 3, 3, 3, 2, 2, 2, 2, 2]
emulation	conf7.1	Exp-22-10-09T22-47-57	map-16AD	9	1	100.0	6	43	[5, 0, 28, 9, 1]	[3, 0, 2, 2, 0, 2, 3, 2, 2, 2, 0, 2, 3, 2, 2, 3, 3, 2, 2, 2, 2, 4, 2, 3, 2, 3, 2, 2, 2, 0, 3, 2, 3, 2, 2, 2, 2, 2, 2, 2, 2, 0, 2]
emulation	conf7.1	Exp-22-10-09T22-47-57	map-16AD	10	0	0.0	0	71	[4, 5, 49, 13, 0]	[2, 1, 1, 2, 2, 2, 2, 0, 3, 2, 2, 2, 1, 3, 3, 3, 3, 2, 3, 2, 2, 2, 1, 0, 2, 3, 3, 2, 2, 2, 2, 2, 0, 2, 2, 3, 2, 2, 0, 2, 2, 2, 2, 2, 2, 2, 2, 2, 3, 2, 2, 2, 2, 2, 2, 2, 2, 2, 3, 2, 2, 1, 3, 2, 3, 2, 2, 2, 2, 2, 2]
emulation	conf7.1	Exp-22-10-09T22-47-57	map-16AD	11	0	0.0	0	71	[6, 0, 48, 16, 1]	[3, 2, 2, 2, 3, 2, 3, 2, 2, 2, 0, 3, 2, 2, 2, 2, 3, 3, 2, 2, 0, 2, 3, 2, 2, 2, 2, 2, 2, 0, 3, 0, 2, 2, 0, 3, 2, 2, 3, 2, 2, 2, 4, 2, 2, 2, 3, 3, 2, 2, 2, 2, 2, 2, 2, 3, 2, 2, 2, 2, 2, 0, 2, 2, 2, 3, 2, 3, 2, 2, 3]
emulation	conf7.1	Exp-22-10-09T22-47-57	map-16B	0	1	100.0	3	55	[1, 5, 37, 11, 1]	[2, 3, 2, 2, 3, 2, 3, 2, 3, 1, 3, 2, 2, 0, 2, 2, 2, 2, 2, 3, 2, 3, 3, 2, 1, 2, 2, 2, 4, 2, 2, 2, 2, 2, 2, 2, 3, 2, 2, 2, 3, 2, 1, 2, 2, 3, 2, 2, 2, 2, 1, 2, 2, 1, 2]
emulation	conf7.1	Exp-22-10-09T22-47-57	map-16B	1	1	100.0	4	58	[2, 1, 43, 12, 0]	[3, 2, 2, 2, 2, 3, 2, 2, 2, 3, 2, 2, 2, 2, 3, 2, 2, 2, 2, 2, 2, 3, 2, 2, 2, 2, 3, 2, 2, 3, 2, 2, 0, 2, 2, 2, 2, 2, 3, 2, 3, 2, 3, 2, 2, 2, 0, 2, 3, 2, 2, 3, 2, 2, 2, 2, 1, 2]
emulation	conf7.1	Exp-22-10-09T22-47-57	map-16B	2	1	100.0	1	56	[1, 0, 38, 15, 2]	[3, 2, 3, 2, 2, 3, 3, 2, 3, 3, 3, 3, 2, 2, 2, 2, 3, 2, 2, 2, 3, 2, 2, 2, 3, 3, 2, 2, 3, 2, 2, 2, 2, 3, 2, 2, 2, 2, 2, 2, 2, 4, 2, 2, 2, 3, 2, 2, 0, 2, 2, 2, 2, 2, 4, 2]
emulation	conf7.1	Exp-22-10-09T22-47-57	map-16B	3	1	100.0	1	38	[1, 0, 29, 8, 0]	[2, 3, 2, 2, 2, 2, 2, 3, 2, 3, 2, 2, 2, 2, 2, 2, 3, 3, 3, 2, 2, 2, 2, 2, 3, 2, 2, 2, 3, 2, 2, 2, 0, 2, 2, 2, 2, 2]
emulation	conf7.1	Exp-22-10-09T22-47-57	map-16B	4	1	100.0	3	45	[4, 0, 33, 8, 0]	[0, 3, 2, 2, 2, 2, 2, 3, 2, 2, 2, 0, 3, 2, 0, 2, 2, 2, 2, 3, 2, 3, 2, 3, 2, 2, 2, 2, 2, 2, 0, 2, 2, 2, 2, 2, 2, 2, 3, 2, 2, 2, 2, 3, 2]
emulation	conf7.1	Exp-22-10-09T22-47-57	map-16B	5	0	54.27	4	69	[5, 3, 45, 15, 1]	[3, 2, 2, 2, 2, 2, 2, 2, 0, 2, 2, 2, 3, 3, 0, 2, 0, 2, 1, 2, 2, 2, 2, 0, 2, 2, 2, 3, 0, 2, 2, 3, 3, 2, 3, 2, 2, 2, 2, 2, 2, 2, 3, 2, 2, 2, 3, 2, 2, 2, 2, 2, 2, 1, 2, 2, 3, 3, 4, 2, 2, 2, 3, 2, 2, 3, 3, 3, 1]
emulation	conf7.1	Exp-22-10-09T22-47-57	map-16B	6	1	100.0	3	46	[1, 1, 32, 11, 1]	[2, 2, 2, 2, 2, 3, 1, 2, 3, 2, 2, 2, 4, 2, 2, 3, 2, 3, 2, 3, 3, 2, 2, 2, 3, 2, 2, 2, 2, 2, 2, 3, 2, 3, 2, 2, 2, 2, 2, 3, 3, 0, 2, 2, 2, 2]
emulation	conf7.1	Exp-22-10-09T22-47-57	map-16B	7	1	100.0	4	54	[5, 1, 39, 8, 1]	[0, 3, 2, 2, 2, 2, 2, 2, 0, 2, 2, 2, 2, 3, 2, 3, 2, 2, 2, 2, 3, 2, 2, 2, 2, 2, 0, 2, 2, 3, 2, 3, 2, 4, 2, 2, 2, 2, 2, 2, 2, 3, 2, 0, 2, 2, 2, 2, 0, 2, 2, 3, 1, 2]
emulation	conf7.1	Exp-22-10-09T22-47-57	map-16B	8	1	25.61	0	70	[4, 0, 50, 16, 0]	[3, 2, 2, 2, 3, 2, 2, 2, 2, 2, 2, 2, 2, 2, 3, 2, 2, 2, 3, 2, 2, 3, 0, 2, 3, 3, 2, 3, 0, 3, 2, 2, 2, 3, 3, 2, 2, 2, 2, 2, 3, 2, 2, 3, 3, 0, 2, 3, 2, 2, 3, 2, 2, 2, 2, 2, 2, 2, 2, 2, 2, 2, 2, 2, 2, 2, 0, 2, 2, 2]
emulation	conf7.1	Exp-22-10-09T22-47-57	map-16B	9	1	100.0	6	67	[5, 2, 46, 13, 1]	[2, 2, 0, 3, 3, 0, 2, 2, 2, 2, 2, 2, 3, 1, 2, 2, 2, 2, 3, 2, 2, 3, 2, 2, 1, 2, 2, 2, 2, 2, 3, 0, 2, 3, 2, 2, 2, 2, 2, 4, 2, 2, 2, 2, 2, 2, 3, 2, 2, 2, 2, 0, 2, 0, 3, 3, 2, 2, 2, 3, 2, 2, 2, 3, 3, 2, 2]
emulation	conf7.1	Exp-22-10-09T22-47-57	map-16B	10	0	0.0	0	70	[6, 2, 48, 11, 3]	[3, 2, 0, 2, 1, 2, 2, 2, 2, 2, 2, 3, 0, 2, 2, 2, 2, 2, 0, 2, 4, 2, 2, 2, 2, 3, 2, 2, 3, 2, 3, 2, 2, 2, 2, 2, 2, 0, 1, 3, 2, 3, 2, 2, 3, 2, 2, 2, 0, 2, 4, 2, 2, 2, 4, 2, 0, 2, 3, 3, 2, 2, 2, 2, 2, 2, 2, 3, 2, 2]
emulation	conf7.1	Exp-22-10-09T22-47-57	map-16B	11	0	0.0	0	71	[1, 0, 56, 13, 1]	[2, 2, 2, 2, 3, 2, 2, 2, 2, 2, 3, 2, 2, 3, 2, 3, 2, 2, 2, 2, 2, 2, 2, 3, 2, 3, 2, 2, 2, 2, 2, 2, 2, 2, 2, 2, 3, 2, 2, 2, 2, 2, 2, 3, 2, 4, 2, 2, 0, 2, 3, 3, 2, 2, 2, 2, 2, 2, 2, 2, 2, 2, 2, 2, 2, 2, 2, 3, 3, 3, 2]
emulation	conf7.1	Exp-22-10-09T22-47-57	map-16BD	0	1	100.0	6	55	[3, 0, 39, 10, 3]	[2, 3, 2, 3, 2, 2, 2, 2, 2, 2, 2, 3, 2, 2, 2, 4, 2, 3, 2, 3, 2, 2, 2, 2, 3, 2, 2, 0, 2, 2, 2, 2, 2, 3, 2, 2, 2, 3, 3, 2, 2, 0, 2, 2, 4, 2, 2, 4, 2, 2, 2, 3, 2, 0, 2]
emulation	conf7.1	Exp-22-10-09T22-47-57	map-16BD	1	1	100.0	0	46	[2, 0, 31, 12, 1]	[2, 2, 2, 0, 2, 2, 2, 3, 2, 2, 2, 2, 2, 2, 2, 2, 0, 3, 2, 2, 2, 3, 2, 3, 2, 3, 3, 3, 2, 3, 2, 3, 2, 4, 2, 2, 2, 3, 3, 2, 3, 2, 2, 2, 2, 2]
emulation	conf7.1	Exp-22-10-09T22-47-57	map-16BD	2	1	100.0	3	38	[0, 3, 31, 3, 1]	[3, 2, 4, 2, 1, 2, 2, 1, 2, 3, 2, 2, 2, 2, 2, 2, 2, 2, 2, 2, 2, 2, 2, 2, 2, 1, 2, 2, 2, 2, 2, 2, 2, 2, 2, 2, 3, 2]
emulation	conf7.1	Exp-22-10-09T22-47-57	map-16BD	3	1	100.0	2	54	[3, 1, 38, 10, 2]	[2, 2, 4, 2, 3, 2, 3, 2, 2, 1, 2, 2, 2, 3, 2, 2, 2, 2, 2, 0, 3, 2, 2, 2, 0, 2, 2, 2, 3, 2, 2, 3, 2, 2, 4, 2, 2, 2, 2, 2, 2, 2, 3, 2, 0, 3, 2, 2, 3, 2, 2, 3, 2, 2]
emulation	conf7.1	Exp-22-10-09T22-47-57	map-16BD	4	1	100.0	1	57	[0, 0, 39, 16, 2]	[2, 2, 2, 2, 2, 3, 3, 2, 2, 3, 2, 4, 2, 2, 2, 2, 2, 2, 2, 3, 2, 2, 2, 2, 3, 2, 2, 2, 3, 2, 2, 2, 4, 2, 3, 2, 3, 3, 2, 2, 2, 3, 2, 3, 3, 2, 3, 3, 2, 2, 2, 3, 2, 2, 2, 3, 2]
emulation	conf7.1	Exp-22-10-09T22-47-57	map-16BD	5	1	100.0	2	45	[1, 3, 31, 10, 0]	[2, 2, 3, 1, 2, 2, 3, 2, 2, 1, 2, 3, 2, 2, 2, 2, 2, 3, 2, 2, 3, 2, 2, 2, 1, 3, 2, 2, 2, 3, 2, 3, 2, 0, 2, 2, 3, 3, 2, 2, 2, 2, 2, 2, 2]
emulation	conf7.1	Exp-22-10-09T22-47-57	map-16BD	6	1	100.0	1	41	[2, 0, 33, 6, 0]	[2, 0, 2, 2, 2, 3, 2, 2, 2, 2, 2, 2, 2, 2, 2, 2, 3, 2, 3, 2, 2, 0, 2, 2, 2, 3, 2, 2, 2, 2, 2, 2, 3, 2, 2, 2, 3, 2, 2, 2, 2]
emulation	conf7.1	Exp-22-10-09T22-47-57	map-16BD	7	1	100.0	0	40	[2, 2, 31, 4, 1]	[4, 2, 0, 2, 2, 2, 2, 3, 2, 2, 0, 2, 2, 2, 2, 2, 2, 2, 2, 3, 2, 2, 3, 2, 3, 2, 2, 1, 2, 2, 2, 2, 2, 2, 2, 2, 2, 1, 2, 2]
emulation	conf7.1	Exp-22-10-09T22-47-57	map-16BD	8	1	100.0	2	55	[0, 2, 40, 10, 3]	[3, 2, 2, 2, 3, 3, 2, 2, 2, 2, 3, 3, 2, 2, 2, 4, 2, 2, 3, 2, 2, 2, 2, 2, 2, 2, 3, 2, 2, 2, 1, 2, 2, 2, 3, 2, 2, 2, 1, 2, 3, 2, 2, 2, 2, 3, 2, 2, 4, 2, 4, 2, 2, 2, 2]
emulation	conf7.1	Exp-22-10-09T22-47-57	map-16BD	9	0	0.0	0	71	[4, 3, 54, 9, 1]	[2, 2, 3, 2, 2, 2, 2, 2, 2, 3, 2, 3, 4, 2, 2, 1, 0, 3, 2, 2, 2, 2, 2, 2, 2, 2, 0, 2, 2, 2, 2, 2, 1, 2, 2, 2, 2, 2, 2, 2, 0, 2, 2, 2, 2, 2, 2, 3, 2, 2, 2, 2, 2, 0, 2, 2, 3, 2, 1, 2, 3, 2, 2, 3, 2, 2, 3, 2, 2, 2, 2]
emulation	conf7.1	Exp-22-10-09T22-47-57	map-16BD	10	0	0.0	0	71	[0, 1, 48, 20, 2]	[2, 2, 2, 2, 1, 2, 3, 3, 2, 2, 2, 2, 2, 2, 2, 2, 3, 2, 3, 3, 2, 2, 2, 2, 3, 3, 2, 2, 2, 2, 2, 2, 2, 2, 3, 2, 2, 3, 2, 3, 3, 2, 2, 3, 3, 3, 2, 2, 2, 4, 3, 2, 4, 2, 2, 3, 2, 3, 3, 3, 2, 2, 2, 2, 3, 2, 2, 2, 2, 2, 2]
emulation	conf7.1	Exp-22-10-09T22-47-57	map-16BD	11	0	0.0	0	72	[5, 1, 46, 19, 1]	[2, 0, 2, 2, 2, 2, 2, 2, 3, 3, 2, 2, 2, 3, 2, 3, 2, 2, 0, 3, 2, 2, 3, 2, 2, 2, 2, 3, 2, 3, 3, 2, 2, 1, 2, 2, 2, 2, 4, 3, 2, 3, 0, 2, 2, 3, 2, 3, 2, 2, 2, 2, 2, 3, 2, 3, 0, 2, 3, 2, 3, 2, 2, 3, 0, 2, 2, 2, 2, 2, 2, 3]
emulation	conf7.1	Exp-22-09-05T11-18-35	map-16A	0	1	82.32	2	33	[1, 2, 24, 6, 0]	[3, 3, 2, 2, 2, 2, 2, 3, 2, 2, 2, 2, 2, 2, 1, 2, 3, 2, 2, 2, 2, 2, 2, 3, 2, 2, 0, 2, 2, 3, 2, 1, 2]
emulation	conf7.1	Exp-22-09-05T11-18-35	map-16AD	0	1	66.67	2	34	[0, 4, 23, 6, 1]	[2, 2, 3, 1, 4, 2, 2, 2, 2, 2, 2, 2, 2, 2, 3, 2, 2, 2, 3, 2, 3, 1, 2, 3, 2, 2, 2, 2, 2, 2, 3, 2, 1, 1]
emulation	conf7.1	Exp-22-09-05T11-18-35	map-16B	0	0	54.88	1	34	[1, 0, 25, 6, 2]	[2, 4, 2, 2, 2, 3, 2, 2, 2, 3, 3, 2, 2, 3, 2, 2, 2, 3, 2, 2, 2, 2, 4, 2, 2, 2, 2, 2, 2, 0, 2, 3, 2, 2]
emulation	conf7.1	Exp-22-09-05T11-18-35	map-16BD	0	0	44.87	1	34	[1, 0, 19, 13, 1]	[2, 3, 3, 2, 4, 3, 2, 3, 3, 0, 2, 3, 2, 2, 3, 2, 3, 3, 2, 3, 2, 2, 2, 2, 2, 2, 3, 2, 3, 2, 3, 2, 2, 2]
emulation	conf7.1	Exp-22-09-05T13-21-58	map-16A	0	0	31.71	1	35	[1, 0, 25, 9, 0]	[2, 3, 3, 2, 2, 2, 3, 2, 2, 2, 2, 3, 0, 2, 3, 2, 2, 3, 3, 3, 2, 2, 2, 3, 2, 2, 2, 2, 2, 2, 2, 2, 2, 2, 2]
emulation	conf7.1	Exp-22-09-05T13-21-58	map-16A	1	1	59.15	3	35	[1, 2, 25, 7, 0]	[2, 3, 2, 2, 2, 2, 3, 2, 2, 1, 3, 1, 2, 2, 2, 2, 0, 2, 3, 2, 2, 2, 2, 2, 3, 2, 3, 2, 2, 2, 2, 3, 2, 2, 2]
emulation	conf7.1	Exp-22-09-05T13-21-58	map-16A	2	1	79.27	3	33	[0, 1, 22, 9, 1]	[2, 2, 3, 2, 1, 2, 2, 2, 2, 2, 2, 2, 2, 2, 2, 3, 4, 2, 3, 2, 2, 2, 3, 2, 3, 3, 2, 3, 3, 3, 2, 2, 2]
emulation	conf7.1	Exp-22-09-05T13-21-58	map-16A	3	1	100.0	1	34	[0, 1, 24, 9, 0]	[3, 3, 2, 2, 3, 2, 3, 2, 2, 2, 3, 2, 2, 2, 3, 2, 2, 3, 2, 2, 2, 1, 2, 2, 2, 2, 2, 3, 2, 2, 2, 3, 2, 2]
emulation	conf7.1	Exp-22-09-05T13-21-58	map-16A	4	1	68.9	3	33	[1, 2, 21, 8, 1]	[2, 2, 2, 2, 3, 2, 2, 2, 2, 2, 2, 2, 2, 3, 2, 3, 3, 0, 1, 3, 3, 3, 2, 2, 4, 2, 3, 2, 2, 1, 2, 2, 2]
emulation	conf7.1	Exp-22-09-05T13-21-58	map-16A	5	0	0.0	0	34	[2, 1, 29, 2, 0]	[2, 2, 2, 2, 2, 2, 2, 2, 2, 2, 2, 0, 2, 2, 2, 2, 2, 2, 2, 2, 2, 2, 3, 2, 2, 2, 1, 2, 2, 2, 2, 3, 0, 2]
emulation	conf7.1	Exp-22-09-05T13-21-58	map-16AD	0	1	62.18	1	33	[3, 0, 22, 8, 0]	[2, 3, 2, 2, 2, 2, 2, 2, 2, 2, 2, 2, 2, 3, 2, 2, 2, 3, 2, 0, 3, 2, 2, 2, 3, 3, 3, 0, 3, 2, 2, 2, 0]
emulation	conf7.1	Exp-22-09-05T13-21-58	map-16AD	1	1	81.41	2	34	[1, 2, 25, 6, 0]	[2, 2, 2, 2, 2, 3, 1, 0, 2, 1, 2, 2, 2, 2, 2, 2, 2, 3, 2, 2, 2, 2, 2, 3, 3, 3, 2, 2, 2, 2, 2, 3, 2, 2]
emulation	conf7.1	Exp-22-09-05T13-21-58	map-16AD	2	1	100.0	1	29	[0, 0, 24, 4, 1]	[2, 2, 2, 2, 2, 2, 2, 2, 2, 2, 2, 3, 3, 2, 2, 2, 4, 2, 2, 2, 2, 2, 2, 3, 3, 2, 2, 2, 2]
emulation	conf7.1	Exp-22-09-05T13-21-58	map-16AD	3	1	69.87	2	34	[0, 3, 23, 8, 0]	[2, 1, 3, 3, 2, 1, 2, 2, 2, 2, 2, 3, 2, 3, 2, 2, 2, 2, 2, 3, 2, 2, 2, 2, 2, 3, 2, 1, 3, 2, 2, 3, 2, 2]
emulation	conf7.1	Exp-22-09-05T13-21-58	map-16AD	4	1	52.56	1	32	[2, 2, 23, 3, 2]	[3, 2, 0, 2, 3, 0, 2, 2, 2, 2, 2, 2, 1, 2, 2, 2, 2, 2, 2, 2, 2, 4, 2, 1, 2, 2, 2, 2, 3, 2, 2, 4]
emulation	conf7.1	Exp-22-09-05T13-21-58	map-16AD	5	1	70.51	2	34	[0, 1, 24, 8, 1]	[2, 2, 2, 4, 2, 3, 3, 2, 2, 2, 2, 2, 2, 3, 2, 2, 2, 2, 2, 3, 2, 2, 2, 2, 3, 3, 2, 3, 3, 2, 2, 2, 1, 2]
emulation	conf7.1	Exp-22-09-05T13-21-58	map-16B	0	0	51.22	2	34	[2, 0, 25, 7, 0]	[3, 2, 2, 2, 2, 2, 3, 2, 3, 2, 2, 2, 2, 0, 2, 2, 2, 0, 2, 2, 2, 2, 2, 3, 2, 3, 2, 3, 2, 3, 2, 2, 2, 2]
emulation	conf7.1	Exp-22-09-05T13-21-58	map-16B	1	0	68.29	2	34	[1, 1, 21, 11, 0]	[2, 3, 3, 3, 2, 3, 2, 3, 2, 2, 2, 2, 3, 0, 2, 3, 2, 3, 2, 2, 2, 2, 2, 3, 2, 2, 2, 3, 1, 2, 3, 2, 2, 2]
emulation	conf7.1	Exp-22-09-05T13-21-58	map-16B	2	1	95.73	1	33	[0, 2, 24, 6, 1]	[3, 2, 2, 2, 2, 2, 2, 3, 2, 2, 2, 1, 2, 2, 2, 2, 3, 2, 3, 2, 2, 2, 3, 2, 2, 4, 3, 2, 2, 2, 2, 1, 2]
emulation	conf7.1	Exp-22-09-05T13-21-58	map-16B	3	0	61.59	4	34	[4, 0, 22, 8, 0]	[2, 3, 2, 3, 3, 2, 2, 2, 0, 3, 2, 2, 2, 0, 2, 2, 2, 3, 2, 2, 3, 2, 0, 3, 2, 2, 0, 2, 2, 2, 2, 3, 2, 2]
emulation	conf7.1	Exp-22-09-05T13-21-58	map-16B	4	0	66.46	1	34	[1, 2, 25, 6, 0]	[2, 2, 3, 2, 2, 2, 2, 1, 2, 3, 2, 2, 2, 2, 2, 2, 2, 2, 2, 3, 3, 0, 2, 2, 2, 2, 2, 1, 2, 2, 2, 2, 3, 3]
emulation	conf7.1	Exp-22-09-05T13-21-58	map-16B	5	0	57.32	0	34	[1, 1, 27, 5, 0]	[3, 2, 2, 2, 2, 2, 2, 2, 2, 2, 3, 3, 2, 2, 2, 3, 2, 3, 2, 2, 2, 2, 2, 1, 2, 2, 2, 2, 0, 2, 2, 2, 2, 2]
emulation	conf7.1	Exp-22-09-05T13-21-58	map-16BD	0	1	100.0	1	33	[1, 0, 28, 3, 1]	[2, 2, 2, 2, 2, 2, 2, 2, 2, 3, 3, 2, 2, 2, 0, 2, 4, 2, 3, 2, 2, 2, 2, 2, 2, 2, 2, 2, 2, 2, 2, 2, 2]
emulation	conf7.1	Exp-22-09-05T13-21-58	map-16BD	1	0	72.44	1	34	[1, 1, 22, 9, 1]	[2, 2, 3, 2, 2, 3, 3, 2, 2, 2, 3, 2, 2, 3, 2, 2, 2, 2, 3, 2, 3, 2, 2, 4, 2, 2, 3, 0, 2, 2, 2, 2, 1, 3]
emulation	conf7.1	Exp-22-09-05T13-21-58	map-16BD	2	0	74.36	1	34	[1, 2, 26, 5, 0]	[2, 0, 2, 1, 3, 2, 2, 2, 1, 2, 2, 2, 2, 2, 2, 3, 2, 2, 3, 2, 2, 2, 2, 2, 2, 3, 2, 2, 2, 3, 2, 2, 2, 2]
emulation	conf7.1	Exp-22-09-05T13-21-58	map-16BD	3	0	62.18	1	34	[1, 2, 27, 3, 1]	[2, 2, 2, 2, 2, 3, 4, 2, 2, 1, 2, 2, 2, 2, 2, 2, 2, 2, 2, 3, 0, 2, 2, 2, 2, 2, 1, 2, 2, 2, 2, 2, 3, 2]
emulation	conf7.1	Exp-22-09-05T13-21-58	map-16BD	4	0	76.92	1	34	[1, 2, 22, 8, 1]	[2, 1, 2, 0, 2, 2, 2, 4, 2, 2, 3, 2, 3, 2, 2, 3, 2, 2, 2, 2, 2, 2, 3, 3, 2, 2, 2, 1, 3, 3, 2, 3, 2, 2]
emulation	conf7.1	Exp-22-09-05T13-21-58	map-16BD	5	0	78.21	4	34	[4, 2, 22, 5, 1]	[2, 2, 2, 2, 2, 2, 1, 2, 1, 3, 0, 3, 2, 0, 2, 2, 2, 3, 0, 0, 2, 2, 2, 4, 2, 2, 2, 2, 3, 2, 2, 2, 3, 2]
emulation	conf7.1	Exp-22-09-06T07-38-11	map-16A	0	1	48.17	3	33	[1, 2, 18, 9, 3]	[3, 2, 2, 2, 4, 3, 2, 2, 3, 1, 2, 2, 3, 3, 2, 3, 3, 2, 4, 2, 0, 3, 2, 2, 2, 2, 1, 2, 2, 4, 2, 2, 3]
emulation	conf7.1	Exp-22-09-06T07-38-11	map-16A	1	1	62.8	4	34	[3, 0, 18, 12, 1]	[0, 3, 4, 2, 3, 2, 3, 3, 2, 3, 3, 2, 2, 2, 2, 3, 2, 2, 2, 2, 0, 2, 2, 2, 2, 3, 2, 2, 3, 3, 3, 3, 0, 2]
emulation	conf7.1	Exp-22-09-06T07-38-11	map-16A	2	1	52.44	7	34	[3, 2, 18, 8, 3]	[2, 2, 3, 0, 2, 2, 1, 2, 3, 2, 2, 4, 0, 3, 0, 2, 3, 2, 4, 2, 1, 2, 2, 2, 3, 3, 2, 2, 4, 3, 3, 2, 2, 2]
emulation	conf7.1	Exp-22-09-06T07-38-11	map-16A	3	1	56.71	4	34	[2, 1, 22, 7, 2]	[2, 2, 2, 2, 3, 3, 2, 2, 2, 2, 4, 2, 2, 2, 3, 3, 4, 3, 2, 2, 3, 2, 2, 2, 3, 2, 2, 0, 2, 2, 2, 0, 2, 1]
emulation	conf7.1	Exp-22-09-06T07-38-11	map-16A	4	1	41.46	3	34	[1, 3, 20, 8, 2]	[2, 4, 2, 2, 2, 2, 2, 0, 1, 2, 2, 1, 4, 3, 2, 3, 2, 2, 2, 1, 3, 3, 2, 2, 3, 3, 2, 3, 2, 2, 3, 2, 2, 2]
emulation	conf7.1	Exp-22-09-06T07-38-11	map-16A	5	1	46.95	5	34	[3, 3, 19, 6, 3]	[2, 2, 4, 3, 2, 2, 2, 0, 4, 3, 3, 3, 2, 2, 2, 1, 2, 4, 2, 3, 0, 2, 2, 1, 3, 2, 1, 2, 2, 2, 2, 2, 0, 2]
emulation	conf7.1	Exp-22-09-06T07-38-11	map-16A	6	1	59.15	4	34	[3, 3, 24, 2, 2]	[2, 2, 2, 2, 3, 2, 4, 2, 2, 2, 2, 2, 0, 2, 1, 2, 2, 2, 2, 2, 0, 0, 2, 2, 2, 2, 2, 1, 3, 2, 1, 2, 2, 4]
emulation	conf7.1	Exp-22-09-06T07-38-11	map-16A	7	1	54.27	3	34	[1, 3, 19, 9, 2]	[2, 2, 2, 4, 3, 4, 2, 2, 3, 1, 2, 3, 2, 3, 2, 2, 1, 0, 3, 3, 2, 2, 2, 2, 3, 1, 2, 2, 2, 3, 2, 2, 3, 2]
emulation	conf7.1	Exp-22-09-06T07-38-11	map-16A	8	1	38.41	4	34	[3, 2, 16, 12, 1]	[2, 2, 3, 2, 2, 2, 3, 3, 3, 0, 3, 2, 2, 2, 0, 2, 3, 2, 2, 0, 2, 2, 2, 2, 3, 1, 3, 3, 3, 3, 2, 3, 4, 1]
emulation	conf7.1	Exp-22-09-06T07-38-11	map-16A	9	0	43.9	6	34	[3, 3, 19, 6, 3]	[2, 2, 3, 2, 3, 1, 3, 2, 2, 2, 0, 2, 3, 2, 2, 4, 2, 1, 2, 3, 2, 3, 2, 0, 1, 2, 4, 4, 2, 2, 2, 0, 2, 2]
emulation	conf7.1	Exp-22-09-06T07-38-11	map-16A	10	0	29.27	3	32	[5, 3, 15, 7, 2]	[4, 2, 1, 0, 0, 2, 0, 2, 3, 3, 2, 2, 3, 1, 2, 3, 2, 3, 0, 2, 4, 2, 2, 1, 2, 2, 3, 2, 2, 2, 0, 3]
emulation	conf7.1	Exp-22-09-06T07-38-11	map-16A	11	1	40.24	4	34	[3, 2, 23, 6, 0]	[2, 0, 2, 3, 3, 2, 2, 0, 3, 3, 2, 3, 2, 2, 2, 2, 2, 2, 2, 2, 2, 0, 2, 3, 2, 1, 2, 2, 2, 2, 2, 2, 2, 1]
emulation	conf7.1	Exp-22-09-06T07-38-11	map-16AD	0	0	23.08	1	33	[0, 1, 17, 13, 2]	[3, 2, 2, 4, 3, 3, 3, 3, 2, 2, 2, 2, 4, 3, 2, 3, 3, 2, 2, 2, 2, 1, 2, 2, 3, 2, 2, 2, 3, 3, 3, 2, 3]
emulation	conf7.1	Exp-22-09-06T07-38-11	map-16AD	1	0	35.9	3	33	[1, 3, 14, 12, 3]	[1, 3, 3, 2, 3, 4, 3, 1, 1, 3, 4, 2, 3, 2, 2, 3, 2, 0, 3, 2, 3, 2, 2, 3, 2, 2, 2, 4, 2, 3, 2, 2, 3]
emulation	conf7.1	Exp-22-09-06T07-38-11	map-16AD	2	1	60.9	5	34	[5, 3, 17, 8, 1]	[3, 3, 0, 2, 4, 0, 1, 2, 2, 2, 0, 3, 3, 2, 3, 0, 0, 2, 2, 2, 3, 2, 2, 3, 3, 1, 2, 2, 2, 2, 2, 2, 1, 2]
emulation	conf7.1	Exp-22-09-06T07-38-11	map-16AD	3	1	57.05	4	34	[1, 2, 22, 7, 2]	[3, 2, 2, 2, 2, 1, 2, 3, 4, 2, 2, 4, 2, 2, 2, 2, 0, 2, 2, 2, 2, 2, 1, 2, 2, 3, 3, 3, 2, 3, 3, 2, 2, 2]
emulation	conf7.1	Exp-22-09-06T07-38-11	map-16AD	4	1	50.64	3	34	[2, 3, 16, 11, 2]	[2, 2, 3, 2, 2, 2, 3, 3, 0, 2, 2, 4, 3, 2, 2, 3, 2, 2, 3, 3, 3, 0, 1, 3, 4, 2, 1, 2, 3, 2, 1, 3, 2, 2]
emulation	conf7.1	Exp-22-09-06T07-38-11	map-16AD	5	1	61.54	4	34	[1, 4, 18, 8, 3]	[2, 3, 2, 4, 1, 1, 2, 2, 2, 2, 2, 3, 3, 0, 1, 2, 3, 4, 3, 3, 2, 2, 2, 2, 3, 2, 2, 3, 2, 2, 4, 2, 2, 1]
emulation	conf7.1	Exp-22-09-06T07-38-11	map-16AD	6	1	28.85	3	33	[3, 4, 14, 9, 3]	[1, 2, 2, 3, 3, 1, 3, 4, 2, 2, 2, 3, 0, 2, 4, 3, 2, 3, 1, 2, 2, 0, 1, 2, 3, 2, 2, 2, 0, 3, 4, 2, 3]
emulation	conf7.1	Exp-22-09-06T07-38-11	map-16AD	7	1	100.0	2	33	[1, 1, 23, 8, 0]	[3, 0, 2, 2, 2, 2, 2, 2, 2, 2, 3, 1, 2, 2, 2, 2, 2, 2, 2, 3, 2, 3, 3, 3, 2, 3, 3, 2, 2, 2, 2, 2, 2]
emulation	conf7.1	Exp-22-09-06T07-38-11	map-16AD	8	1	55.77	4	34	[3, 3, 21, 6, 1]	[2, 2, 1, 3, 2, 0, 2, 2, 2, 2, 2, 2, 0, 4, 2, 1, 3, 2, 3, 0, 2, 2, 2, 2, 2, 3, 2, 2, 2, 3, 3, 2, 1, 2]
emulation	conf7.1	Exp-22-09-06T07-38-11	map-16AD	9	1	41.67	3	34	[3, 3, 18, 7, 3]	[4, 2, 2, 0, 3, 2, 3, 2, 2, 2, 2, 1, 4, 1, 2, 2, 2, 2, 2, 3, 3, 2, 2, 2, 2, 0, 3, 3, 2, 2, 4, 3, 0, 1]
emulation	conf7.1	Exp-22-09-06T07-38-11	map-16AD	10	1	75.0	6	33	[3, 2, 23, 4, 1]	[2, 2, 3, 2, 2, 2, 2, 2, 4, 2, 2, 0, 3, 3, 2, 2, 2, 0, 2, 3, 2, 2, 2, 1, 2, 2, 2, 2, 2, 0, 2, 2, 1]
emulation	conf7.1	Exp-22-09-06T07-38-11	map-16AD	11	1	41.67	5	33	[2, 2, 14, 11, 4]	[4, 2, 3, 4, 2, 0, 3, 4, 3, 0, 3, 1, 2, 3, 3, 2, 2, 2, 2, 2, 2, 2, 4, 2, 3, 2, 3, 3, 2, 3, 2, 3, 1]
emulation	conf7.1	Exp-22-09-06T07-38-11	map-16B	0	0	35.98	6	34	[6, 3, 15, 7, 3]	[3, 2, 0, 0, 2, 2, 1, 3, 1, 3, 2, 3, 2, 2, 3, 0, 1, 0, 0, 2, 2, 2, 4, 2, 2, 4, 2, 4, 3, 2, 0, 3, 2, 2]
emulation	conf7.1	Exp-22-09-06T07-38-11	map-16B	1	0	64.63	6	34	[4, 2, 20, 4, 4]	[0, 2, 2, 2, 2, 2, 0, 2, 1, 3, 4, 4, 3, 2, 2, 0, 2, 4, 2, 2, 2, 3, 2, 2, 2, 2, 2, 3, 2, 4, 2, 0, 1, 2]
emulation	conf7.1	Exp-22-09-06T07-38-11	map-16B	2	0	56.1	6	34	[6, 3, 18, 7, 0]	[3, 1, 2, 0, 2, 2, 0, 2, 3, 1, 2, 0, 2, 2, 2, 3, 2, 2, 3, 2, 2, 2, 2, 2, 3, 0, 0, 2, 3, 0, 3, 2, 2, 1]
emulation	conf7.1	Exp-22-09-06T07-38-11	map-16B	3	0	44.51	3	34	[3, 3, 13, 13, 2]	[0, 3, 2, 2, 2, 3, 2, 3, 3, 3, 2, 2, 2, 3, 2, 3, 3, 2, 3, 3, 1, 0, 1, 3, 2, 2, 4, 3, 2, 3, 0, 4, 2, 1]
emulation	conf7.1	Exp-22-09-06T07-38-11	map-16B	4	0	41.46	5	34	[7, 2, 19, 5, 1]	[2, 0, 2, 2, 3, 3, 1, 0, 0, 2, 2, 0, 2, 2, 2, 1, 3, 2, 2, 2, 3, 0, 2, 0, 2, 2, 2, 3, 4, 2, 2, 2, 2, 0]
emulation	conf7.1	Exp-22-09-06T07-38-11	map-16B	5	0	54.88	6	34	[2, 1, 18, 8, 5]	[2, 2, 3, 2, 2, 2, 3, 2, 2, 2, 3, 4, 3, 3, 0, 1, 3, 2, 2, 2, 4, 4, 2, 4, 2, 4, 2, 2, 3, 2, 0, 2, 3, 2]
emulation	conf7.1	Exp-22-09-06T07-38-11	map-16B	6	0	64.02	3	34	[2, 3, 23, 4, 2]	[2, 0, 2, 2, 3, 2, 4, 3, 2, 2, 2, 2, 2, 1, 2, 2, 0, 2, 3, 1, 2, 4, 2, 1, 2, 2, 2, 2, 2, 2, 2, 2, 2, 3]
emulation	conf7.1	Exp-22-09-06T07-38-11	map-16B	7	0	52.44	2	35	[2, 1, 22, 7, 3]	[3, 2, 3, 0, 2, 2, 3, 2, 2, 4, 2, 3, 3, 2, 1, 2, 2, 2, 3, 2, 2, 2, 3, 2, 2, 4, 2, 2, 0, 2, 4, 2, 2, 2, 2]
emulation	conf7.1	Exp-22-09-06T07-38-11	map-16B	8	0	28.66	3	35	[4, 1, 22, 8, 0]	[2, 2, 0, 2, 2, 0, 2, 2, 2, 2, 2, 2, 3, 3, 2, 3, 3, 3, 2, 0, 2, 2, 2, 0, 3, 2, 3, 2, 2, 1, 2, 2, 2, 2, 3]
emulation	conf7.1	Exp-22-09-06T07-38-11	map-16B	9	0	61.59	2	34	[2, 2, 17, 11, 2]	[0, 3, 3, 2, 3, 2, 2, 2, 4, 1, 4, 2, 3, 2, 2, 2, 3, 3, 2, 1, 0, 2, 2, 2, 2, 3, 3, 2, 3, 3, 2, 2, 2, 3]
emulation	conf7.1	Exp-22-09-06T07-38-11	map-16B	10	0	71.95	1	34	[2, 1, 22, 7, 2]	[2, 2, 3, 3, 2, 2, 2, 2, 2, 2, 2, 2, 1, 0, 4, 2, 2, 2, 2, 2, 3, 2, 3, 2, 3, 2, 2, 3, 2, 3, 2, 4, 0, 2]
emulation	conf7.1	Exp-22-09-06T07-38-11	map-16B	11	0	22.56	2	35	[2, 2, 22, 7, 2]	[2, 2, 3, 2, 2, 1, 4, 2, 3, 2, 2, 3, 0, 2, 2, 2, 4, 2, 3, 3, 2, 2, 2, 3, 1, 2, 3, 2, 2, 2, 2, 2, 2, 0, 2]
emulation	conf7.1	Exp-22-09-06T07-38-11	map-16BD	0	0	26.92	5	34	[3, 7, 18, 4, 2]	[3, 3, 2, 1, 2, 1, 0, 2, 1, 2, 0, 2, 0, 2, 2, 3, 3, 2, 2, 4, 2, 4, 2, 1, 1, 1, 2, 2, 2, 2, 2, 2, 1, 2]
emulation	conf7.1	Exp-22-09-06T07-38-11	map-16BD	1	0	55.77	3	35	[5, 3, 21, 5, 1]	[3, 1, 2, 0, 1, 2, 2, 2, 0, 2, 0, 2, 0, 2, 2, 3, 0, 2, 4, 2, 3, 2, 3, 2, 2, 2, 2, 2, 2, 3, 2, 2, 2, 1, 2]
emulation	conf7.1	Exp-22-09-06T07-38-11	map-16BD	2	0	68.59	4	33	[3, 2, 21, 6, 1]	[2, 0, 2, 3, 0, 2, 2, 2, 0, 1, 3, 2, 3, 2, 2, 2, 3, 1, 2, 3, 3, 2, 2, 2, 2, 2, 2, 2, 4, 2, 2, 2, 2]
emulation	conf7.1	Exp-22-09-06T07-38-11	map-16BD	3	0	49.36	3	33	[2, 0, 17, 10, 4]	[4, 2, 3, 2, 2, 3, 2, 2, 2, 3, 2, 3, 2, 2, 0, 3, 0, 3, 2, 2, 3, 3, 4, 2, 2, 2, 4, 2, 3, 2, 2, 4, 3]
emulation	conf7.1	Exp-22-09-06T07-38-11	map-16BD	4	0	29.49	3	35	[5, 4, 18, 8, 0]	[2, 2, 2, 2, 1, 0, 2, 3, 2, 3, 2, 1, 2, 2, 2, 3, 3, 2, 3, 1, 2, 0, 3, 3, 2, 2, 2, 0, 2, 2, 3, 1, 0, 0, 2]
emulation	conf7.1	Exp-22-09-06T07-38-11	map-16BD	5	0	60.26	3	34	[4, 5, 16, 7, 2]	[0, 3, 2, 1, 0, 0, 1, 1, 2, 2, 1, 2, 3, 2, 3, 3, 2, 2, 3, 1, 2, 4, 4, 2, 2, 2, 2, 3, 0, 2, 2, 2, 3, 2]
emulation	conf7.1	Exp-22-09-06T07-38-11	map-16BD	6	0	61.54	3	35	[2, 4, 19, 7, 3]	[2, 2, 3, 3, 4, 2, 2, 2, 2, 2, 2, 3, 2, 3, 3, 3, 1, 2, 2, 2, 1, 3, 4, 2, 0, 2, 2, 2, 2, 4, 0, 1, 1, 2, 2]
emulation	conf7.1	Exp-22-09-06T07-38-11	map-16BD	7	0	57.69	1	35	[0, 3, 20, 12, 0]	[2, 2, 3, 2, 3, 3, 2, 2, 1, 3, 2, 2, 1, 3, 3, 2, 2, 2, 2, 3, 2, 2, 2, 3, 3, 1, 2, 2, 2, 2, 3, 2, 2, 3, 3]
emulation	conf7.1	Exp-22-09-06T07-38-11	map-16BD	8	0	44.87	2	33	[3, 1, 19, 8, 2]	[2, 3, 0, 2, 2, 0, 2, 3, 1, 2, 3, 3, 3, 2, 2, 2, 2, 2, 3, 2, 2, 3, 2, 2, 4, 2, 2, 2, 2, 2, 0, 4, 3]
emulation	conf7.1	Exp-22-09-06T07-38-11	map-16BD	9	0	34.62	3	34	[2, 4, 19, 6, 3]	[2, 3, 2, 3, 1, 2, 2, 4, 3, 0, 2, 2, 3, 2, 2, 0, 2, 2, 2, 2, 2, 2, 3, 4, 2, 2, 1, 3, 2, 2, 2, 1, 4, 1]
emulation	conf7.1	Exp-22-09-06T07-38-11	map-16BD	10	0	53.21	4	35	[5, 2, 19, 7, 2]	[0, 2, 3, 2, 2, 2, 3, 4, 3, 2, 2, 2, 0, 2, 3, 2, 2, 3, 2, 2, 2, 1, 0, 2, 2, 0, 2, 4, 3, 1, 0, 2, 2, 3, 2]
emulation	conf7.1	Exp-22-09-06T07-38-11	map-16BD	11	1	71.79	5	35	[2, 2, 20, 9, 2]	[3, 0, 2, 3, 2, 3, 3, 2, 3, 2, 2, 4, 2, 2, 2, 2, 0, 3, 3, 2, 1, 2, 2, 4, 2, 2, 2, 2, 3, 2, 2, 3, 1, 2, 2]
emulation	conf7.1	Exp-22-08-29T08-57-20	map-16A	0	1	57.93	4	33	[2, 2, 19, 9, 1]	[3, 2, 2, 4, 3, 2, 2, 2, 2, 0, 3, 2, 1, 2, 2, 2, 3, 3, 2, 2, 3, 3, 2, 1, 2, 2, 0, 2, 2, 2, 3, 2, 3]
emulation	conf7.1	Exp-22-08-29T08-57-20	map-16A	1	1	67.07	2	33	[1, 1, 21, 10, 0]	[2, 3, 2, 3, 3, 2, 2, 2, 2, 3, 3, 2, 2, 2, 3, 2, 0, 1, 3, 2, 2, 3, 2, 3, 2, 2, 2, 2, 3, 2, 2, 2, 2]
emulation	conf7.1	Exp-22-08-29T08-57-20	map-16A	2	0	34.76	3	35	[4, 1, 22, 6, 2]	[2, 2, 2, 2, 2, 2, 3, 0, 2, 1, 2, 2, 3, 2, 2, 4, 3, 0, 4, 2, 0, 2, 2, 3, 2, 2, 3, 2, 2, 3, 0, 2, 2, 2, 2]
emulation	conf7.1	Exp-22-08-29T08-57-20	map-16A	3	1	96.34	4	34	[1, 1, 27, 4, 1]	[3, 2, 2, 2, 2, 2, 2, 2, 2, 2, 2, 2, 2, 3, 2, 2, 0, 2, 3, 2, 4, 2, 2, 1, 2, 2, 2, 2, 2, 3, 2, 2, 2, 2]
emulation	conf7.1	Exp-22-08-29T08-57-20	map-16A	4	1	86.59	2	34	[1, 2, 25, 6, 0]	[2, 2, 2, 3, 1, 2, 2, 2, 2, 2, 2, 2, 2, 2, 2, 2, 2, 2, 2, 3, 2, 3, 1, 2, 2, 2, 0, 2, 3, 2, 3, 2, 2, 3]
emulation	conf7.1	Exp-22-08-29T08-57-20	map-16A	5	1	84.15	4	34	[3, 1, 27, 3, 0]	[2, 2, 0, 3, 2, 2, 3, 2, 1, 2, 2, 2, 2, 0, 2, 2, 2, 2, 2, 2, 2, 2, 3, 2, 2, 0, 2, 2, 2, 2, 2, 2, 2, 2]
emulation	conf7.1	Exp-22-08-29T08-57-20	map-16A	6	1	56.71	1	34	[3, 0, 25, 6, 0]	[2, 2, 2, 2, 3, 2, 2, 2, 2, 2, 2, 2, 2, 2, 3, 3, 2, 2, 0, 2, 2, 2, 2, 3, 3, 2, 3, 2, 0, 2, 2, 2, 0, 2]
emulation	conf7.1	Exp-22-08-29T08-57-20	map-16A	7	1	58.54	2	34	[1, 1, 24, 8, 0]	[2, 2, 2, 0, 2, 2, 3, 3, 2, 3, 2, 2, 2, 2, 2, 2, 3, 3, 1, 2, 3, 2, 2, 3, 2, 2, 2, 2, 2, 2, 3, 2, 2, 2]
emulation	conf7.1	Exp-22-08-29T08-57-20	map-16A	8	1	54.27	5	34	[3, 0, 19, 10, 2]	[2, 2, 2, 2, 3, 3, 3, 4, 3, 4, 3, 3, 2, 3, 2, 2, 2, 2, 2, 2, 0, 2, 2, 2, 3, 0, 2, 3, 2, 2, 2, 2, 3, 0]
emulation	conf7.1	Exp-22-08-29T08-57-20	map-16AD	0	1	64.74	3	34	[2, 2, 25, 5, 0]	[2, 2, 2, 0, 2, 2, 2, 2, 0, 1, 3, 2, 3, 2, 2, 2, 2, 3, 2, 2, 2, 2, 2, 2, 3, 2, 2, 1, 2, 2, 3, 2, 2, 2]
emulation	conf7.1	Exp-22-08-29T08-57-20	map-16AD	1	1	58.97	5	34	[3, 1, 24, 5, 1]	[2, 2, 3, 4, 1, 2, 0, 2, 3, 2, 2, 0, 2, 3, 2, 2, 2, 0, 2, 2, 2, 2, 3, 2, 3, 2, 2, 2, 2, 2, 2, 2, 2, 2]
emulation	conf7.1	Exp-22-08-29T08-57-20	map-16AD	2	1	81.41	2	34	[0, 2, 20, 11, 1]	[2, 2, 2, 3, 2, 2, 3, 2, 3, 3, 2, 2, 4, 1, 3, 1, 3, 2, 2, 2, 2, 2, 2, 2, 3, 2, 2, 3, 3, 2, 2, 3, 3, 2]
emulation	conf7.1	Exp-22-08-29T08-57-20	map-16AD	3	1	63.46	3	33	[1, 1, 23, 8, 0]	[2, 2, 3, 2, 2, 3, 2, 2, 2, 3, 2, 2, 2, 2, 2, 2, 2, 2, 3, 2, 2, 3, 2, 3, 0, 2, 2, 2, 3, 2, 2, 3, 1]
emulation	conf7.1	Exp-22-08-29T08-57-20	map-16AD	4	1	55.77	3	34	[1, 0, 22, 10, 1]	[2, 3, 2, 2, 2, 2, 4, 3, 3, 0, 2, 2, 2, 3, 3, 3, 2, 2, 2, 2, 3, 2, 3, 2, 3, 2, 2, 2, 2, 2, 2, 2, 2, 3]
emulation	conf7.1	Exp-22-08-29T08-57-20	map-16AD	5	1	82.05	2	34	[1, 1, 25, 7, 0]	[2, 2, 2, 3, 2, 2, 2, 2, 3, 2, 1, 2, 2, 2, 2, 2, 2, 2, 2, 3, 2, 2, 2, 2, 2, 2, 3, 0, 2, 3, 2, 2, 3, 3]
emulation	conf7.1	Exp-22-08-29T08-57-20	map-16AD	6	0	17.31	1	34	[1, 2, 23, 8, 0]	[2, 2, 2, 2, 2, 0, 2, 2, 2, 2, 3, 1, 2, 2, 3, 2, 2, 1, 3, 3, 2, 2, 3, 2, 3, 2, 2, 2, 3, 2, 3, 2, 2, 2]
emulation	conf7.1	Exp-22-08-29T08-57-20	map-16AD	7	0	0	0	0	[0, 0, 0, 0, 0]	[]
emulation	conf7.1	Exp-22-08-29T08-57-20	map-16AD	8	1	56.41	4	33	[2, 1, 21, 8, 1]	[2, 2, 2, 0, 3, 2, 3, 4, 2, 2, 2, 3, 3, 2, 2, 2, 2, 2, 2, 2, 1, 3, 2, 3, 2, 2, 2, 2, 2, 3, 0, 3, 2]
emulation	conf7.1	Exp-22-08-29T08-57-20	map-16B	0	0	85.37	2	34	[1, 2, 22, 9, 0]	[2, 2, 2, 3, 2, 2, 2, 2, 2, 3, 3, 1, 2, 2, 3, 2, 2, 2, 0, 3, 3, 2, 2, 2, 2, 3, 3, 2, 2, 3, 2, 2, 2, 1]
emulation	conf7.1	Exp-22-08-29T08-57-20	map-16B	1	0	57.32	5	34	[3, 1, 20, 7, 3]	[2, 2, 3, 3, 4, 3, 2, 2, 4, 0, 2, 2, 2, 2, 2, 2, 0, 3, 2, 1, 2, 2, 2, 2, 4, 0, 2, 2, 2, 3, 2, 2, 3, 3]
emulation	conf7.1	Exp-22-08-29T08-57-20	map-16B	2	0	85.98	2	34	[1, 1, 23, 9, 0]	[3, 2, 2, 2, 2, 3, 2, 2, 2, 3, 2, 3, 2, 2, 0, 3, 2, 1, 2, 2, 2, 3, 2, 3, 2, 2, 2, 2, 2, 2, 3, 3, 2, 2]
emulation	conf7.1	Exp-22-08-29T08-57-20	map-16B	3	0	51.22	2	33	[0, 0, 20, 12, 1]	[2, 3, 2, 3, 3, 3, 2, 3, 3, 2, 2, 2, 3, 4, 2, 2, 3, 2, 2, 3, 2, 2, 2, 2, 2, 2, 2, 3, 3, 2, 2, 3, 2]
emulation	conf7.1	Exp-22-08-29T08-57-20	map-16B	4	0	68.29	3	34	[1, 1, 26, 4, 2]	[2, 2, 2, 3, 2, 3, 2, 2, 4, 0, 3, 2, 2, 2, 2, 4, 2, 2, 2, 2, 2, 2, 2, 2, 2, 2, 2, 2, 2, 1, 2, 3, 2, 2]
emulation	conf7.1	Exp-22-08-29T08-57-20	map-16B	5	0	59.76	4	33	[2, 2, 23, 5, 1]	[2, 2, 3, 2, 2, 4, 2, 2, 2, 1, 2, 2, 3, 2, 3, 0, 2, 2, 2, 1, 2, 2, 2, 2, 2, 3, 2, 3, 2, 0, 2, 2, 2]
emulation	conf7.1	Exp-22-08-29T08-57-20	map-16B	6	0	57.32	4	34	[5, 0, 22, 6, 1]	[2, 2, 0, 2, 2, 2, 3, 2, 2, 3, 2, 2, 3, 0, 3, 4, 0, 2, 2, 0, 2, 0, 2, 2, 2, 3, 2, 2, 2, 2, 2, 2, 3, 2]
emulation	conf7.1	Exp-22-08-29T08-57-20	map-16B	7	1	90.24	3	34	[1, 0, 26, 6, 1]	[2, 3, 3, 2, 2, 2, 2, 2, 2, 3, 2, 0, 2, 2, 2, 2, 2, 2, 2, 2, 3, 2, 2, 2, 4, 2, 3, 2, 2, 2, 2, 2, 2, 3]
emulation	conf7.1	Exp-22-08-29T08-57-20	map-16B	8	1	93.29	2	33	[0, 0, 24, 9, 0]	[2, 3, 2, 2, 2, 2, 3, 3, 2, 2, 2, 2, 3, 3, 2, 2, 3, 2, 2, 2, 2, 2, 2, 2, 3, 2, 2, 2, 3, 3, 2, 2, 2]
emulation	conf7.1	Exp-22-08-29T08-57-20	map-16BD	0	0	50.64	2	34	[2, 0, 21, 11, 0]	[2, 2, 2, 3, 2, 3, 3, 2, 3, 0, 2, 2, 2, 2, 3, 3, 2, 3, 2, 2, 3, 3, 3, 2, 2, 3, 2, 2, 2, 2, 0, 2, 2, 2]
emulation	conf7.1	Exp-22-08-29T08-57-20	map-16BD	1	0	73.08	1	33	[0, 2, 27, 4, 0]	[2, 2, 3, 1, 2, 2, 2, 2, 2, 2, 2, 2, 2, 2, 2, 2, 2, 2, 2, 2, 3, 2, 2, 3, 1, 2, 3, 2, 2, 2, 2, 2, 2]
emulation	conf7.1	Exp-22-08-29T08-57-20	map-16BD	2	0	78.85	2	34	[1, 0, 27, 5, 1]	[2, 2, 2, 2, 2, 2, 2, 2, 2, 2, 2, 3, 2, 2, 2, 2, 2, 2, 3, 2, 3, 2, 2, 2, 2, 2, 0, 3, 2, 2, 2, 2, 4, 3]
emulation	conf7.1	Exp-22-08-29T08-57-20	map-16BD	3	0	75.0	3	33	[3, 1, 21, 8, 0]	[3, 2, 3, 3, 2, 2, 2, 3, 2, 2, 3, 2, 2, 2, 0, 3, 2, 3, 2, 0, 2, 2, 0, 2, 3, 2, 2, 2, 2, 2, 1, 2, 2]
emulation	conf7.1	Exp-22-08-29T08-57-20	map-16BD	4	0	85.26	3	34	[2, 2, 26, 4, 0]	[2, 2, 2, 2, 2, 2, 2, 2, 1, 2, 1, 3, 2, 2, 2, 0, 3, 2, 2, 2, 2, 3, 2, 2, 2, 0, 2, 2, 3, 2, 2, 2, 2, 2]
emulation	conf7.1	Exp-22-08-29T08-57-20	map-16BD	5	1	92.95	4	35	[1, 0, 25, 6, 3]	[3, 2, 2, 3, 2, 2, 2, 2, 2, 2, 2, 2, 2, 2, 0, 3, 2, 2, 3, 3, 2, 2, 2, 2, 2, 2, 2, 2, 2, 4, 2, 3, 2, 4, 4]
emulation	conf7.1	Exp-22-08-29T08-57-20	map-16BD	6	1	89.74	0	34	[0, 0, 25, 8, 1]	[2, 2, 3, 3, 2, 2, 2, 2, 2, 2, 2, 3, 2, 3, 3, 2, 2, 2, 4, 2, 2, 2, 2, 2, 2, 3, 3, 2, 2, 3, 2, 2, 2, 2]
emulation	conf7.1	Exp-22-08-29T08-57-20	map-16BD	7	0	67.95	4	35	[3, 2, 23, 7, 0]	[2, 2, 2, 2, 2, 2, 2, 2, 3, 2, 1, 2, 3, 2, 1, 2, 2, 3, 2, 3, 3, 0, 2, 0, 2, 2, 3, 2, 2, 2, 2, 0, 2, 3, 2]
emulation	conf7.1	Exp-22-08-29T08-57-20	map-16BD	8	0	82.05	3	35	[1, 2, 24, 8, 0]	[2, 2, 2, 2, 3, 3, 0, 2, 3, 2, 2, 2, 2, 2, 1, 2, 3, 2, 2, 2, 3, 2, 2, 2, 1, 3, 2, 2, 2, 3, 2, 2, 2, 3, 2]
emulation	conf8	Exp-22-09-05T11-18-35	map-16A	0	1	51.22	1	32	[2, 2, 18, 7, 3]	[4, 2, 3, 2, 2, 3, 2, 3, 1, 1, 2, 2, 3, 2, 2, 2, 4, 2, 2, 2, 4, 3, 0, 2, 2, 2, 3, 2, 3, 2, 2, 0]
emulation	conf8	Exp-22-09-05T11-18-35	map-16AD	0	1	58.97	4	34	[1, 2, 19, 10, 2]	[2, 2, 2, 0, 1, 2, 3, 3, 4, 2, 3, 2, 3, 3, 2, 2, 3, 2, 2, 4, 2, 3, 3, 1, 2, 2, 2, 2, 2, 3, 3, 2, 2, 2]
emulation	conf8	Exp-22-09-05T11-18-35	map-16B	0	0	46.34	4	34	[4, 3, 16, 7, 4]	[2, 2, 0, 2, 0, 2, 3, 4, 4, 3, 2, 2, 2, 2, 3, 2, 2, 3, 2, 2, 4, 2, 2, 1, 2, 4, 3, 0, 3, 1, 2, 1, 3, 0]
emulation	conf8	Exp-22-09-05T11-18-35	map-16BD	0	0	50.0	2	34	[1, 2, 20, 9, 2]	[2, 2, 3, 2, 4, 4, 2, 0, 3, 2, 3, 2, 1, 3, 2, 3, 3, 3, 2, 2, 2, 3, 1, 3, 2, 2, 2, 2, 2, 2, 2, 2, 2, 2]
emulation	conf8	Exp-22-09-05T13-21-58	map-16A	0	1	50.0	6	33	[3, 4, 21, 4, 1]	[2, 2, 2, 1, 0, 3, 0, 2, 2, 1, 2, 2, 2, 1, 2, 2, 2, 0, 2, 3, 3, 2, 4, 2, 2, 1, 2, 2, 2, 3, 2, 2, 2]
emulation	conf8	Exp-22-09-05T13-21-58	map-16A	1	1	50.61	2	34	[1, 4, 15, 9, 5]	[1, 2, 3, 2, 1, 3, 4, 4, 3, 2, 2, 1, 3, 1, 2, 4, 3, 3, 4, 2, 3, 3, 2, 2, 2, 2, 2, 2, 4, 0, 3, 2, 2, 2]
emulation	conf8	Exp-22-09-05T13-21-58	map-16A	2	1	55.49	3	34	[1, 3, 19, 10, 1]	[2, 3, 3, 2, 3, 3, 3, 2, 2, 2, 1, 3, 2, 2, 2, 0, 3, 1, 3, 2, 2, 2, 2, 2, 4, 2, 2, 2, 2, 2, 1, 3, 3, 2]
emulation	conf8	Exp-22-09-05T13-21-58	map-16A	3	0	26.83	3	34	[3, 4, 20, 5, 2]	[2, 2, 0, 2, 1, 2, 2, 2, 2, 3, 2, 0, 2, 4, 3, 2, 3, 1, 2, 1, 2, 2, 2, 3, 4, 2, 2, 2, 2, 1, 2, 2, 0, 3]
emulation	conf8	Exp-22-09-05T13-21-58	map-16A	4	1	75.61	3	34	[1, 3, 22, 5, 3]	[2, 2, 2, 4, 3, 2, 1, 1, 3, 2, 2, 2, 2, 4, 4, 2, 2, 3, 2, 2, 2, 2, 2, 2, 2, 1, 3, 2, 2, 2, 2, 3, 0, 2]
emulation	conf8	Exp-22-09-05T13-21-58	map-16A	5	1	72.56	3	34	[2, 1, 24, 6, 1]	[2, 2, 3, 3, 2, 2, 2, 2, 4, 2, 2, 2, 3, 2, 3, 2, 2, 2, 2, 2, 1, 0, 2, 2, 2, 2, 2, 3, 2, 0, 2, 3, 2, 2]
emulation	conf8	Exp-22-09-05T13-21-58	map-16AD	0	0	44.23	3	34	[3, 4, 17, 7, 3]	[4, 1, 2, 2, 2, 2, 2, 2, 2, 0, 2, 3, 3, 2, 1, 3, 4, 3, 2, 2, 2, 4, 2, 1, 3, 2, 2, 2, 0, 3, 1, 0, 3, 2]
emulation	conf8	Exp-22-09-05T13-21-58	map-16AD	1	0	20.51	2	33	[3, 1, 18, 8, 3]	[2, 0, 3, 2, 3, 2, 4, 2, 3, 2, 4, 2, 3, 2, 2, 1, 0, 2, 3, 2, 3, 2, 2, 2, 2, 2, 2, 4, 3, 3, 2, 2, 0]
emulation	conf8	Exp-22-09-05T13-21-58	map-16AD	2	0	64.1	2	34	[3, 2, 17, 11, 1]	[3, 2, 2, 3, 2, 2, 1, 2, 2, 0, 2, 2, 2, 3, 3, 3, 2, 2, 2, 0, 3, 2, 3, 1, 3, 3, 2, 2, 2, 4, 0, 3, 2, 3]
emulation	conf8	Exp-22-09-05T13-21-58	map-16AD	3	1	62.18	1	34	[1, 1, 25, 6, 1]	[2, 2, 3, 2, 3, 2, 2, 2, 2, 2, 2, 0, 3, 2, 4, 2, 2, 3, 2, 2, 2, 2, 2, 1, 2, 2, 2, 2, 3, 3, 2, 2, 2, 2]
emulation	conf8	Exp-22-09-05T13-21-58	map-16AD	4	1	66.03	2	34	[1, 3, 18, 12, 0]	[2, 2, 2, 3, 2, 2, 1, 2, 3, 3, 2, 3, 3, 1, 0, 2, 3, 3, 2, 3, 2, 2, 2, 3, 2, 2, 1, 3, 2, 2, 3, 3, 2, 2]
emulation	conf8	Exp-22-09-05T13-21-58	map-16AD	5	1	53.21	4	34	[2, 3, 18, 7, 4]	[1, 2, 2, 2, 3, 2, 4, 3, 2, 2, 3, 3, 2, 2, 1, 2, 2, 2, 2, 2, 2, 1, 0, 4, 4, 2, 3, 4, 2, 3, 3, 2, 0, 2]
emulation	conf8	Exp-22-09-05T13-21-58	map-16B	0	0	32.32	0	34	[4, 1, 20, 9, 0]	[0, 3, 3, 0, 2, 2, 2, 2, 2, 2, 3, 3, 2, 2, 2, 2, 2, 2, 2, 1, 0, 2, 3, 3, 2, 2, 3, 3, 2, 2, 3, 2, 0, 2]
emulation	conf8	Exp-22-09-05T13-21-58	map-16B	1	0	57.93	2	33	[1, 3, 23, 4, 2]	[2, 3, 2, 2, 2, 2, 1, 2, 1, 2, 2, 0, 2, 2, 3, 2, 2, 2, 2, 2, 4, 2, 2, 2, 2, 3, 4, 2, 2, 2, 2, 3, 1]
emulation	conf8	Exp-22-09-05T13-21-58	map-16B	2	0	66.46	6	34	[3, 2, 20, 6, 3]	[2, 4, 3, 3, 2, 3, 3, 2, 0, 2, 3, 4, 2, 1, 1, 2, 0, 2, 2, 2, 2, 2, 2, 2, 3, 2, 2, 4, 2, 2, 0, 2, 2, 2]
emulation	conf8	Exp-22-09-05T13-21-58	map-16B	3	0	73.17	2	34	[1, 1, 22, 8, 2]	[2, 3, 2, 2, 2, 2, 2, 2, 0, 4, 3, 2, 4, 2, 3, 2, 2, 2, 2, 2, 2, 2, 2, 2, 3, 3, 3, 2, 2, 3, 2, 1, 2, 3]
emulation	conf8	Exp-22-09-05T13-21-58	map-16B	4	0	51.83	0	34	[1, 3, 18, 9, 3]	[2, 2, 3, 2, 0, 4, 3, 1, 2, 2, 2, 2, 2, 2, 3, 2, 3, 3, 4, 1, 3, 3, 4, 1, 3, 2, 2, 2, 2, 3, 2, 2, 2, 2]
emulation	conf8	Exp-22-09-05T13-21-58	map-16B	5	0	65.85	2	34	[2, 4, 18, 10, 0]	[0, 1, 3, 3, 3, 3, 1, 2, 2, 2, 3, 2, 2, 0, 2, 2, 2, 3, 3, 1, 3, 2, 2, 2, 2, 2, 2, 2, 2, 2, 2, 3, 3, 1]
emulation	conf8	Exp-22-09-05T13-21-58	map-16BD	0	0	16.03	5	34	[4, 1, 16, 7, 6]	[2, 3, 0, 2, 0, 3, 2, 3, 2, 0, 2, 2, 3, 4, 3, 4, 2, 4, 2, 4, 4, 2, 2, 2, 0, 2, 3, 2, 1, 4, 2, 2, 3, 2]
emulation	conf8	Exp-22-09-05T13-21-58	map-16BD	1	0	31.41	4	34	[3, 3, 15, 11, 2]	[2, 2, 0, 3, 2, 3, 3, 2, 2, 0, 2, 3, 2, 4, 3, 2, 3, 2, 1, 4, 2, 3, 3, 1, 3, 3, 2, 2, 1, 2, 2, 3, 0, 2]
emulation	conf8	Exp-22-09-05T13-21-58	map-16BD	2	0	37.82	7	33	[5, 3, 15, 6, 4]	[0, 3, 2, 2, 2, 3, 2, 3, 1, 2, 2, 2, 2, 0, 0, 2, 2, 4, 3, 0, 2, 4, 2, 4, 2, 1, 3, 2, 2, 0, 1, 4, 3]
emulation	conf8	Exp-22-09-05T13-21-58	map-16BD	3	0	59.62	0	26	[1, 0, 18, 6, 1]	[3, 2, 2, 2, 3, 3, 2, 2, 2, 3, 2, 4, 2, 2, 2, 0, 2, 3, 2, 2, 2, 2, 2, 2, 2, 3]
emulation	conf8	Exp-22-09-05T13-21-58	map-16BD	4	1	62.18	3	34	[2, 2, 20, 7, 3]	[2, 4, 3, 3, 3, 2, 4, 2, 2, 1, 2, 3, 2, 2, 0, 2, 2, 4, 2, 2, 2, 3, 2, 1, 2, 2, 2, 3, 0, 2, 2, 2, 2, 3]
emulation	conf8	Exp-22-09-05T13-21-58	map-16BD	5	0	47.44	3	34	[3, 1, 21, 8, 1]	[3, 3, 3, 3, 2, 2, 0, 3, 2, 2, 2, 2, 2, 2, 2, 2, 2, 0, 2, 3, 4, 2, 2, 2, 0, 2, 1, 2, 2, 3, 2, 2, 2, 3]
emulation	conf8	Exp-22-09-06T07-38-11	map-16A	0	1	92.07	0	35	[0, 0, 31, 4, 0]	[2, 2, 2, 2, 2, 2, 2, 2, 3, 2, 2, 3, 2, 2, 2, 3, 2, 2, 2, 2, 2, 3, 2, 2, 2, 2, 2, 2, 2, 2, 2, 2, 2, 2, 2]
emulation	conf8	Exp-22-09-06T07-38-11	map-16A	1	1	61.59	3	35	[3, 1, 21, 10, 0]	[2, 3, 2, 3, 2, 3, 2, 2, 2, 2, 2, 3, 0, 2, 2, 2, 2, 0, 3, 2, 3, 2, 3, 2, 0, 3, 2, 2, 2, 2, 3, 1, 2, 3, 2]
emulation	conf8	Exp-22-09-06T07-38-11	map-16A	2	1	60.37	5	35	[2, 1, 22, 9, 1]	[2, 2, 2, 2, 2, 4, 2, 3, 2, 2, 3, 2, 3, 2, 2, 2, 3, 1, 2, 2, 2, 2, 3, 2, 2, 2, 3, 2, 2, 0, 2, 3, 0, 3, 3]
emulation	conf8	Exp-22-09-06T07-38-11	map-16A	3	1	93.29	2	34	[1, 2, 20, 11, 0]	[3, 0, 2, 3, 2, 3, 3, 1, 2, 2, 2, 3, 1, 2, 3, 2, 2, 2, 2, 2, 3, 2, 2, 2, 2, 3, 2, 3, 2, 2, 2, 3, 2, 3]
emulation	conf8	Exp-22-09-06T07-38-11	map-16A	4	1	61.59	4	35	[2, 3, 20, 9, 1]	[2, 2, 3, 2, 2, 2, 2, 2, 0, 2, 2, 3, 2, 2, 2, 1, 2, 2, 2, 3, 4, 3, 3, 1, 2, 2, 3, 3, 2, 0, 3, 1, 2, 2, 3]
emulation	conf8	Exp-22-09-06T07-38-11	map-16A	5	1	58.54	1	35	[1, 3, 22, 7, 2]	[2, 2, 0, 2, 1, 2, 3, 2, 2, 3, 3, 2, 2, 2, 2, 2, 3, 2, 4, 2, 2, 1, 4, 3, 2, 2, 1, 2, 2, 3, 2, 2, 3, 2, 2]
emulation	conf8	Exp-22-09-06T07-38-11	map-16A	6	1	88.41	1	35	[0, 1, 24, 10, 0]	[2, 3, 2, 2, 3, 2, 3, 2, 2, 3, 2, 2, 2, 2, 1, 2, 2, 3, 3, 2, 3, 2, 2, 2, 2, 2, 3, 2, 2, 2, 3, 2, 2, 3, 2]
emulation	conf8	Exp-22-09-06T07-38-11	map-16A	7	1	64.63	1	34	[2, 0, 23, 9, 0]	[3, 2, 3, 2, 2, 3, 3, 2, 2, 2, 2, 0, 2, 2, 3, 2, 3, 2, 2, 2, 3, 2, 2, 0, 2, 2, 3, 2, 2, 2, 3, 2, 2, 2]
emulation	conf8	Exp-22-09-06T07-38-11	map-16A	8	0	32.93	1	35	[2, 0, 25, 8, 0]	[2, 2, 2, 2, 2, 2, 2, 3, 2, 2, 2, 3, 2, 3, 3, 0, 3, 2, 3, 2, 2, 2, 3, 2, 2, 2, 2, 3, 2, 2, 2, 2, 2, 2, 0]
emulation	conf8	Exp-22-09-06T07-38-11	map-16A	9	1	54.27	2	35	[3, 2, 19, 10, 1]	[2, 4, 2, 2, 2, 3, 3, 2, 2, 0, 2, 3, 3, 3, 3, 2, 2, 1, 1, 2, 2, 2, 2, 2, 2, 2, 0, 2, 2, 3, 3, 3, 3, 2, 0]
emulation	conf8	Exp-22-09-06T07-38-11	map-16A	10	1	89.63	1	35	[0, 0, 26, 9, 0]	[2, 2, 3, 2, 3, 2, 2, 2, 2, 2, 3, 3, 3, 2, 2, 2, 2, 2, 3, 3, 3, 2, 2, 2, 3, 2, 2, 2, 2, 2, 2, 2, 2, 2, 2]
emulation	conf8	Exp-22-09-06T07-38-11	map-16A	11	1	70.73	1	33	[0, 2, 25, 6, 0]	[2, 3, 2, 2, 2, 3, 2, 2, 2, 2, 2, 2, 2, 2, 2, 3, 2, 2, 2, 3, 2, 2, 2, 1, 2, 3, 1, 2, 2, 2, 2, 2, 3]
emulation	conf8	Exp-22-09-06T07-38-11	map-16AD	0	1	57.05	4	36	[2, 3, 25, 6, 0]	[2, 3, 2, 2, 3, 1, 1, 0, 2, 1, 2, 2, 2, 2, 2, 0, 2, 3, 2, 2, 2, 2, 2, 2, 2, 3, 2, 2, 2, 3, 2, 2, 2, 2, 2, 3]
emulation	conf8	Exp-22-09-06T07-38-11	map-16AD	1	1	87.18	3	35	[0, 1, 24, 9, 1]	[3, 2, 2, 2, 2, 2, 3, 2, 2, 2, 2, 2, 3, 3, 2, 2, 3, 4, 2, 1, 2, 2, 2, 3, 3, 3, 2, 2, 2, 2, 2, 3, 2, 2, 2]
emulation	conf8	Exp-22-09-06T07-38-11	map-16AD	2	0	28.21	0	36	[2, 3, 26, 5, 0]	[2, 2, 3, 2, 2, 2, 2, 1, 2, 2, 3, 2, 0, 2, 2, 1, 2, 2, 2, 2, 2, 2, 2, 2, 2, 0, 2, 3, 2, 2, 3, 2, 2, 2, 3, 1]
emulation	conf8	Exp-22-09-06T07-38-11	map-16AD	3	1	80.77	3	35	[2, 1, 25, 7, 0]	[1, 2, 3, 2, 2, 2, 2, 3, 3, 0, 2, 2, 2, 2, 2, 3, 2, 2, 2, 2, 0, 2, 2, 3, 2, 2, 3, 2, 2, 2, 3, 2, 2, 2, 2]
emulation	conf8	Exp-22-09-06T07-38-11	map-16AD	4	1	55.77	2	35	[1, 0, 26, 8, 0]	[2, 3, 3, 2, 3, 2, 2, 2, 2, 2, 2, 2, 2, 3, 3, 2, 2, 3, 2, 2, 2, 2, 2, 2, 0, 2, 2, 3, 2, 2, 2, 3, 2, 2, 2]
emulation	conf8	Exp-22-09-06T07-38-11	map-16AD	5	1	78.85	0	34	[1, 2, 27, 4, 0]	[2, 2, 2, 2, 2, 2, 2, 2, 2, 2, 2, 1, 2, 2, 2, 3, 2, 2, 3, 2, 3, 1, 2, 2, 2, 2, 2, 3, 2, 0, 2, 2, 2, 2]
emulation	conf8	Exp-22-09-06T07-38-11	map-16AD	6	1	60.26	3	35	[2, 1, 19, 11, 2]	[2, 1, 2, 2, 3, 2, 4, 3, 2, 2, 2, 3, 3, 2, 3, 3, 2, 2, 3, 2, 2, 3, 4, 2, 2, 2, 3, 2, 2, 2, 0, 0, 3, 2, 3]
emulation	conf8	Exp-22-09-06T07-38-11	map-16AD	7	1	59.62	1	36	[0, 1, 24, 9, 2]	[2, 3, 2, 2, 3, 2, 2, 2, 3, 3, 2, 2, 2, 3, 2, 3, 2, 2, 1, 4, 3, 2, 2, 2, 2, 2, 3, 2, 4, 2, 2, 2, 2, 3, 2, 2]
emulation	conf8	Exp-22-09-06T07-38-11	map-16AD	8	1	68.59	0	35	[1, 1, 21, 12, 0]	[3, 2, 3, 3, 2, 2, 2, 3, 2, 2, 0, 2, 2, 3, 2, 3, 2, 2, 3, 3, 2, 1, 2, 2, 2, 2, 2, 2, 3, 3, 2, 3, 2, 3, 2]
emulation	conf8	Exp-22-09-06T07-38-11	map-16AD	9	1	62.18	2	35	[0, 0, 22, 11, 2]	[3, 2, 3, 2, 2, 2, 2, 3, 2, 3, 2, 3, 2, 4, 2, 2, 4, 3, 2, 2, 3, 3, 2, 2, 2, 3, 2, 3, 2, 2, 2, 3, 2, 2, 2]
emulation	conf8	Exp-22-09-06T07-38-11	map-16AD	10	1	73.72	1	35	[2, 3, 24, 5, 1]	[2, 2, 2, 2, 2, 2, 3, 2, 2, 2, 2, 3, 2, 2, 3, 2, 2, 3, 2, 1, 1, 2, 2, 2, 2, 2, 1, 2, 4, 0, 2, 0, 2, 3, 2]
emulation	conf8	Exp-22-09-06T07-38-11	map-16AD	11	1	100.0	1	37	[3, 0, 28, 6, 0]	[2, 2, 2, 3, 2, 3, 2, 3, 2, 2, 2, 2, 3, 2, 3, 2, 2, 2, 2, 2, 2, 2, 0, 2, 2, 2, 3, 0, 2, 2, 2, 2, 2, 2, 2, 0, 2]
emulation	conf8	Exp-22-09-06T07-38-11	map-16B	0	0	89.02	1	36	[1, 2, 25, 8, 0]	[3, 2, 2, 1, 2, 2, 2, 2, 3, 2, 2, 2, 3, 2, 2, 2, 2, 2, 0, 3, 2, 1, 2, 2, 2, 3, 3, 3, 2, 3, 2, 2, 2, 2, 2, 2]
emulation	conf8	Exp-22-09-06T07-38-11	map-16B	1	0	62.2	0	36	[2, 1, 27, 6, 0]	[1, 2, 2, 2, 2, 2, 3, 0, 2, 2, 3, 2, 2, 2, 2, 2, 0, 3, 3, 2, 3, 2, 2, 2, 2, 2, 2, 2, 2, 2, 2, 2, 3, 2, 2, 2]
emulation	conf8	Exp-22-09-06T07-38-11	map-16B	2	0	59.15	2	36	[2, 1, 22, 11, 0]	[3, 0, 3, 2, 3, 1, 2, 2, 2, 2, 3, 3, 3, 2, 3, 3, 0, 2, 2, 2, 2, 2, 2, 2, 3, 2, 2, 2, 2, 2, 2, 2, 3, 3, 2, 2]
emulation	conf8	Exp-22-09-06T07-38-11	map-16B	3	0	65.85	4	34	[4, 1, 25, 3, 1]	[2, 2, 2, 2, 2, 2, 4, 2, 2, 2, 2, 0, 2, 2, 2, 2, 0, 2, 2, 2, 0, 2, 2, 2, 2, 3, 0, 2, 1, 2, 2, 3, 3, 2]
emulation	conf8	Exp-22-09-06T07-38-11	map-16B	4	0	61.59	3	36	[1, 0, 22, 11, 2]	[3, 2, 2, 2, 3, 3, 2, 3, 4, 2, 3, 2, 2, 2, 2, 3, 2, 3, 2, 2, 2, 2, 4, 2, 3, 2, 2, 0, 2, 2, 2, 3, 2, 2, 3, 3]
emulation	conf8	Exp-22-09-06T07-38-11	map-16B	5	0	63.41	3	33	[3, 2, 25, 3, 0]	[2, 2, 2, 2, 2, 2, 1, 2, 2, 2, 2, 0, 2, 2, 2, 1, 2, 2, 0, 2, 3, 2, 2, 2, 2, 2, 2, 3, 3, 2, 2, 0, 2]
emulation	conf8	Exp-22-09-06T07-38-11	map-16B	6	0	78.05	0	35	[2, 2, 24, 7, 0]	[2, 2, 2, 2, 2, 2, 3, 2, 2, 2, 2, 3, 3, 3, 2, 2, 2, 2, 1, 2, 2, 3, 2, 2, 2, 2, 3, 2, 2, 0, 2, 0, 1, 2, 3]
emulation	conf8	Exp-22-09-06T07-38-11	map-16B	7	0	56.1	2	36	[2, 2, 22, 9, 1]	[3, 2, 2, 3, 2, 2, 0, 2, 1, 2, 2, 2, 2, 3, 3, 2, 2, 2, 2, 4, 3, 2, 2, 3, 1, 2, 2, 0, 2, 3, 3, 2, 2, 3, 2, 2]
emulation	conf8	Exp-22-09-06T07-38-11	map-16B	8	0	62.8	5	37	[2, 2, 22, 9, 2]	[2, 2, 2, 2, 2, 3, 3, 2, 2, 2, 1, 3, 2, 3, 2, 4, 2, 2, 4, 0, 3, 2, 3, 0, 2, 3, 2, 1, 2, 2, 3, 2, 2, 3, 2, 2, 2]
emulation	conf8	Exp-22-09-06T07-38-11	map-16B	9	1	84.15	3	36	[1, 1, 25, 7, 2]	[2, 2, 2, 2, 2, 2, 3, 2, 3, 2, 2, 2, 2, 2, 2, 0, 3, 2, 2, 2, 3, 3, 2, 3, 2, 4, 2, 3, 1, 2, 2, 2, 2, 2, 2, 4]
emulation	conf8	Exp-22-09-06T07-38-11	map-16B	10	1	98.78	1	36	[1, 0, 29, 6, 0]	[2, 2, 3, 2, 2, 2, 2, 2, 2, 2, 2, 3, 2, 2, 2, 2, 3, 3, 2, 2, 2, 2, 2, 2, 2, 2, 0, 2, 2, 2, 3, 2, 2, 3, 2, 2]
emulation	conf8	Exp-22-09-06T07-38-11	map-16B	11	0	49.39	1	36	[1, 1, 27, 6, 1]	[1, 2, 2, 2, 2, 3, 3, 2, 2, 0, 2, 2, 2, 2, 3, 2, 2, 2, 3, 3, 2, 2, 2, 2, 2, 2, 4, 2, 2, 2, 2, 2, 2, 2, 2, 3]
emulation	conf8	Exp-22-09-06T07-38-11	map-16BD	0	0	75.64	2	38	[3, 3, 26, 5, 1]	[2, 2, 2, 2, 2, 3, 1, 2, 2, 2, 2, 2, 2, 2, 1, 2, 0, 2, 2, 3, 2, 2, 2, 3, 2, 2, 2, 4, 2, 1, 0, 2, 2, 3, 2, 0, 2, 3]
emulation	conf8	Exp-22-09-06T07-38-11	map-16BD	1	0	75.0	2	37	[2, 1, 28, 6, 0]	[2, 2, 2, 0, 2, 2, 3, 2, 2, 2, 0, 2, 2, 2, 1, 2, 2, 2, 2, 2, 2, 2, 2, 2, 2, 3, 2, 2, 2, 2, 3, 2, 3, 2, 3, 3, 2]
emulation	conf8	Exp-22-09-06T07-38-11	map-16BD	2	0	35.9	1	37	[2, 0, 26, 9, 0]	[3, 2, 2, 2, 3, 0, 2, 2, 2, 2, 2, 2, 2, 2, 2, 2, 3, 2, 0, 3, 2, 2, 2, 2, 3, 2, 3, 2, 3, 2, 2, 3, 2, 2, 2, 2, 3]
emulation	conf8	Exp-22-09-06T07-38-11	map-16BD	3	0	60.26	5	37	[3, 3, 19, 10, 2]	[3, 4, 3, 3, 0, 0, 1, 2, 2, 2, 3, 2, 3, 2, 3, 2, 3, 2, 3, 2, 3, 2, 0, 1, 2, 2, 4, 2, 2, 2, 2, 1, 2, 3, 2, 2, 2]
emulation	conf8	Exp-22-09-06T07-38-11	map-16BD	4	1	98.08	2	37	[1, 1, 30, 5, 0]	[2, 2, 3, 2, 2, 2, 2, 2, 3, 2, 2, 2, 3, 2, 2, 0, 2, 1, 2, 2, 2, 2, 2, 2, 2, 2, 2, 2, 3, 2, 2, 2, 2, 2, 2, 2, 3]
emulation	conf8	Exp-22-09-06T07-38-11	map-16BD	5	1	100.0	0	33	[1, 1, 25, 6, 0]	[2, 2, 2, 2, 2, 2, 3, 2, 3, 2, 3, 2, 2, 2, 2, 2, 2, 3, 2, 2, 2, 3, 2, 2, 2, 3, 2, 2, 2, 2, 0, 1, 2]
emulation	conf8	Exp-22-09-06T07-38-11	map-16BD	6	0	58.33	0	37	[1, 3, 24, 8, 1]	[2, 2, 3, 2, 0, 2, 2, 3, 2, 1, 3, 2, 4, 1, 2, 2, 2, 2, 2, 1, 3, 2, 2, 2, 2, 2, 3, 2, 2, 2, 3, 2, 3, 3, 2, 2, 2]
emulation	conf8	Exp-22-09-06T07-38-11	map-16BD	7	0	65.38	0	37	[1, 1, 25, 9, 1]	[3, 2, 3, 2, 2, 3, 2, 3, 2, 2, 3, 2, 2, 2, 2, 3, 2, 2, 3, 2, 2, 1, 2, 2, 2, 2, 0, 2, 2, 2, 2, 2, 3, 4, 3, 2, 2]
emulation	conf8	Exp-22-09-06T07-38-11	map-16BD	8	0	70.51	3	39	[0, 0, 25, 11, 3]	[2, 3, 2, 3, 2, 3, 4, 2, 2, 2, 2, 2, 2, 2, 2, 2, 2, 2, 2, 3, 2, 2, 2, 2, 3, 2, 2, 4, 3, 2, 3, 3, 2, 3, 3, 3, 2, 4, 2]
emulation	conf8	Exp-22-09-06T07-38-11	map-16BD	9	1	86.54	2	35	[1, 2, 24, 8, 0]	[2, 3, 3, 2, 2, 2, 2, 2, 3, 2, 3, 2, 2, 2, 2, 3, 2, 2, 2, 2, 2, 2, 0, 3, 3, 3, 2, 1, 2, 2, 1, 2, 2, 2, 2]
emulation	conf8	Exp-22-09-06T07-38-11	map-16BD	10	0	63.46	1	38	[1, 1, 25, 10, 1]	[2, 4, 2, 2, 2, 2, 2, 3, 3, 3, 3, 0, 1, 2, 3, 2, 2, 2, 3, 2, 3, 2, 2, 2, 2, 3, 2, 2, 2, 2, 2, 3, 3, 2, 2, 2, 2, 2]
emulation	conf8	Exp-22-09-06T07-38-11	map-16BD	11	0	74.36	2	37	[1, 3, 22, 10, 1]	[1, 0, 3, 2, 2, 2, 1, 2, 2, 3, 2, 3, 2, 2, 2, 2, 2, 2, 2, 3, 2, 2, 3, 2, 2, 2, 3, 1, 4, 3, 2, 3, 3, 2, 2, 3, 2]
emulation	conf1	Exp-22-08-30T06-50-53	map-16A	0	1	91.46	3	33	[3, 1, 24, 5, 0]	[2, 2, 3, 2, 2, 0, 2, 2, 2, 2, 2, 0, 3, 2, 2, 2, 0, 2, 2, 2, 3, 2, 2, 2, 2, 2, 1, 2, 2, 2, 3, 2, 3]
emulation	conf1	Exp-22-08-30T06-50-53	map-16A	1	1	91.46	1	33	[3, 2, 22, 6, 0]	[0, 2, 0, 3, 3, 2, 2, 2, 2, 2, 2, 3, 2, 1, 2, 2, 3, 2, 1, 2, 2, 2, 3, 2, 2, 2, 2, 2, 0, 2, 2, 2, 3]
emulation	conf1	Exp-22-08-30T06-50-53	map-16A	2	1	80.49	2	34	[1, 0, 25, 8, 0]	[3, 2, 2, 2, 2, 2, 2, 2, 2, 2, 2, 2, 2, 2, 3, 2, 2, 2, 2, 3, 2, 2, 2, 2, 3, 0, 2, 2, 2, 3, 3, 3, 3, 2]
emulation	conf1	Exp-22-08-30T06-50-53	map-16A	3	1	49.39	6	33	[3, 2, 16, 8, 4]	[1, 3, 3, 2, 2, 2, 2, 2, 2, 1, 4, 4, 2, 0, 0, 3, 3, 2, 3, 2, 2, 3, 3, 2, 2, 4, 0, 2, 4, 2, 3, 2, 2]
emulation	conf1	Exp-22-08-30T06-50-53	map-16A	4	1	89.02	2	34	[2, 1, 27, 4, 0]	[2, 2, 2, 2, 2, 3, 2, 2, 2, 2, 2, 0, 2, 2, 2, 2, 3, 1, 2, 2, 2, 2, 3, 2, 2, 2, 2, 2, 2, 2, 2, 2, 3, 0]
emulation	conf1	Exp-22-08-30T06-50-53	map-16A	5	1	63.41	3	34	[1, 2, 25, 5, 1]	[1, 2, 2, 3, 2, 2, 3, 2, 2, 0, 3, 3, 2, 2, 2, 2, 2, 2, 2, 2, 2, 4, 3, 1, 2, 2, 2, 2, 2, 2, 2, 2, 2, 2]
emulation	conf1	Exp-22-08-30T06-50-53	map-16A	6	1	76.22	3	34	[1, 0, 23, 8, 2]	[2, 3, 2, 3, 3, 2, 3, 2, 2, 4, 2, 2, 2, 0, 2, 2, 2, 2, 2, 2, 2, 4, 3, 2, 2, 2, 2, 2, 2, 3, 3, 3, 2, 2]
emulation	conf1	Exp-22-08-30T06-50-53	map-16A	7	1	75.0	3	34	[2, 0, 23, 8, 1]	[3, 2, 2, 3, 2, 3, 2, 2, 2, 2, 3, 2, 2, 2, 0, 2, 3, 2, 2, 3, 3, 2, 2, 4, 2, 2, 2, 2, 2, 3, 0, 2, 2, 2]
emulation	conf1	Exp-22-08-30T06-50-53	map-16A	8	1	70.12	2	32	[1, 2, 24, 5, 0]	[2, 2, 3, 2, 2, 2, 3, 3, 3, 2, 2, 1, 2, 2, 2, 2, 2, 2, 2, 3, 2, 2, 2, 1, 2, 2, 0, 2, 2, 2, 2, 2]
emulation	conf1	Exp-22-08-30T06-50-53	map-16A	9	1	79.88	1	34	[1, 2, 27, 4, 0]	[2, 2, 2, 2, 1, 2, 3, 2, 2, 2, 2, 2, 2, 2, 2, 2, 3, 2, 2, 3, 2, 2, 2, 2, 2, 2, 2, 2, 2, 2, 2, 0, 1, 3]
emulation	conf1	Exp-22-08-30T06-50-53	map-16A	10	1	61.59	1	34	[2, 2, 18, 12, 0]	[2, 0, 2, 2, 3, 3, 2, 3, 2, 2, 3, 3, 2, 3, 2, 3, 2, 3, 2, 2, 2, 2, 2, 1, 3, 3, 1, 0, 3, 2, 3, 2, 2, 2]
emulation	conf1	Exp-22-08-30T06-50-53	map-16A	11	1	100.0	1	34	[0, 1, 31, 2, 0]	[1, 2, 2, 2, 2, 2, 2, 2, 2, 2, 2, 2, 2, 2, 2, 2, 2, 2, 2, 2, 3, 3, 2, 2, 2, 2, 2, 2, 2, 2, 2, 2, 2, 2]
emulation	conf1	Exp-22-08-30T06-50-53	map-16AD	0	1	68.59	2	34	[2, 0, 23, 8, 1]	[2, 2, 2, 2, 2, 0, 2, 3, 3, 2, 3, 2, 2, 2, 2, 3, 2, 3, 2, 0, 2, 2, 2, 2, 2, 2, 3, 3, 2, 2, 2, 4, 2, 3]
emulation	conf1	Exp-22-08-30T06-50-53	map-16AD	1	1	75.64	5	34	[6, 1, 22, 5, 0]	[2, 1, 2, 2, 2, 2, 2, 3, 2, 0, 3, 0, 3, 0, 2, 3, 3, 2, 2, 2, 2, 2, 2, 0, 0, 2, 2, 2, 2, 0, 2, 2, 2, 2]
emulation	conf1	Exp-22-08-30T06-50-53	map-16AD	2	1	83.97	2	34	[1, 3, 23, 6, 1]	[2, 1, 2, 0, 3, 2, 2, 2, 1, 2, 3, 4, 3, 2, 2, 1, 2, 2, 2, 2, 2, 3, 2, 2, 2, 2, 2, 2, 3, 2, 2, 2, 2, 3]
emulation	conf1	Exp-22-08-30T06-50-53	map-16AD	3	1	70.51	4	34	[4, 2, 22, 5, 1]	[3, 2, 0, 2, 2, 3, 2, 2, 1, 2, 4, 2, 3, 2, 2, 3, 2, 2, 2, 2, 2, 1, 2, 3, 2, 0, 2, 0, 0, 2, 2, 2, 2, 2]
emulation	conf1	Exp-22-08-30T06-50-53	map-16AD	4	1	57.05	2	34	[3, 1, 20, 9, 1]	[1, 2, 3, 2, 2, 2, 2, 2, 3, 0, 2, 2, 2, 2, 2, 4, 0, 2, 2, 0, 2, 2, 2, 2, 2, 3, 2, 3, 3, 3, 2, 3, 3, 3]
emulation	conf1	Exp-22-08-30T06-50-53	map-16AD	5	1	66.67	3	33	[3, 0, 21, 9, 0]	[2, 2, 3, 2, 3, 2, 2, 2, 2, 3, 2, 2, 3, 2, 0, 3, 2, 3, 3, 2, 2, 2, 3, 2, 0, 2, 2, 2, 2, 2, 2, 0, 3]
emulation	conf1	Exp-22-08-30T06-50-53	map-16AD	6	1	60.26	1	34	[0, 0, 26, 7, 1]	[2, 2, 2, 2, 2, 2, 2, 2, 3, 2, 2, 3, 2, 2, 3, 2, 3, 3, 2, 2, 2, 4, 2, 2, 2, 2, 2, 2, 2, 3, 3, 2, 2, 2]
emulation	conf1	Exp-22-08-30T06-50-53	map-16AD	7	1	50.0	4	34	[4, 3, 19, 8, 0]	[2, 1, 2, 3, 0, 2, 1, 2, 2, 2, 0, 2, 0, 2, 2, 2, 3, 2, 2, 2, 2, 2, 2, 3, 2, 0, 2, 3, 2, 3, 3, 1, 3, 3]
emulation	conf1	Exp-22-08-30T06-50-53	map-16AD	8	1	64.74	2	34	[1, 2, 23, 7, 1]	[1, 3, 2, 2, 2, 2, 2, 2, 2, 3, 2, 1, 2, 3, 2, 3, 4, 2, 2, 3, 3, 2, 2, 2, 2, 3, 2, 2, 0, 2, 2, 2, 2, 2]
emulation	conf1	Exp-22-08-30T06-50-53	map-16AD	9	1	90.38	1	34	[0, 1, 24, 8, 1]	[1, 2, 3, 2, 2, 2, 4, 3, 2, 3, 2, 2, 2, 2, 2, 3, 2, 2, 3, 2, 2, 2, 3, 2, 2, 2, 3, 2, 2, 2, 2, 2, 3, 2]
emulation	conf1	Exp-22-08-30T06-50-53	map-16AD	10	1	74.36	2	34	[2, 1, 24, 6, 1]	[2, 2, 2, 2, 2, 2, 2, 2, 1, 2, 0, 2, 2, 2, 2, 4, 2, 0, 3, 3, 2, 3, 3, 2, 3, 2, 2, 3, 2, 2, 2, 2, 2, 2]
emulation	conf1	Exp-22-08-30T06-50-53	map-16AD	11	1	100.0	1	33	[1, 2, 28, 2, 0]	[0, 2, 2, 2, 1, 2, 2, 2, 2, 2, 2, 3, 2, 2, 2, 1, 2, 2, 2, 2, 2, 2, 2, 2, 2, 3, 2, 2, 2, 2, 2, 2, 2]
emulation	conf1	Exp-22-08-30T06-50-53	map-16B	0	0	79.27	4	35	[3, 0, 23, 8, 1]	[2, 2, 2, 0, 2, 3, 3, 2, 2, 3, 2, 2, 0, 0, 2, 3, 2, 3, 4, 3, 2, 3, 2, 2, 2, 2, 2, 2, 2, 2, 3, 2, 2, 2, 2]
emulation	conf1	Exp-22-08-30T06-50-53	map-16B	1	0	40.85	1	34	[5, 1, 21, 7, 0]	[2, 2, 2, 3, 2, 3, 3, 2, 2, 2, 3, 2, 2, 2, 2, 0, 2, 2, 2, 0, 3, 2, 0, 2, 2, 2, 2, 2, 3, 0, 2, 3, 1, 0]
emulation	conf1	Exp-22-08-30T06-50-53	map-16B	2	0	78.05	2	34	[3, 0, 24, 7, 0]	[2, 2, 2, 0, 3, 2, 2, 2, 2, 2, 3, 2, 2, 3, 3, 2, 2, 2, 2, 2, 2, 2, 0, 2, 2, 2, 2, 3, 3, 2, 2, 2, 0, 3]
emulation	conf1	Exp-22-08-30T06-50-53	map-16B	3	0	71.95	2	34	[4, 2, 21, 7, 0]	[0, 2, 3, 2, 2, 2, 3, 2, 2, 2, 3, 3, 2, 3, 0, 3, 2, 2, 2, 3, 2, 2, 2, 2, 2, 1, 2, 2, 2, 1, 0, 2, 0, 2]
emulation	conf1	Exp-22-08-30T06-50-53	map-16B	4	0	92.07	1	35	[0, 1, 26, 8, 0]	[3, 2, 2, 2, 2, 2, 2, 3, 3, 2, 2, 2, 2, 3, 2, 2, 3, 1, 2, 3, 2, 2, 2, 2, 2, 2, 3, 3, 2, 2, 2, 2, 2, 2, 2]
emulation	conf1	Exp-22-08-30T06-50-53	map-16B	5	0	87.2	2	34	[2, 2, 24, 5, 1]	[2, 2, 2, 2, 2, 1, 2, 2, 4, 2, 2, 3, 2, 3, 2, 2, 2, 3, 2, 2, 1, 3, 2, 0, 2, 2, 2, 2, 3, 2, 0, 2, 2, 2]
emulation	conf1	Exp-22-08-30T06-50-53	map-16B	6	0	68.29	0	34	[1, 3, 23, 6, 1]	[2, 2, 2, 2, 2, 4, 1, 0, 2, 2, 3, 2, 2, 3, 3, 2, 2, 2, 2, 2, 2, 3, 2, 2, 2, 2, 2, 2, 2, 1, 3, 2, 1, 3]
emulation	conf1	Exp-22-08-30T06-50-53	map-16B	7	0	44.51	3	35	[2, 2, 19, 10, 2]	[2, 2, 0, 2, 2, 3, 3, 2, 0, 2, 2, 2, 2, 2, 3, 3, 1, 3, 2, 4, 2, 4, 2, 3, 2, 2, 2, 1, 3, 3, 2, 3, 2, 3, 2]
emulation	conf1	Exp-22-08-30T06-50-53	map-16B	8	0	75.61	3	34	[3, 0, 22, 9, 0]	[2, 3, 0, 2, 2, 2, 2, 3, 0, 2, 0, 2, 2, 2, 2, 2, 3, 3, 3, 2, 3, 2, 2, 2, 3, 3, 2, 2, 2, 2, 2, 2, 3, 2]
emulation	conf1	Exp-22-08-30T06-50-53	map-16B	9	0	69.51	5	35	[1, 0, 25, 7, 2]	[2, 3, 2, 2, 2, 4, 2, 3, 2, 2, 0, 2, 2, 2, 2, 3, 2, 2, 2, 2, 2, 4, 2, 3, 2, 2, 3, 3, 2, 2, 2, 3, 2, 2, 2]
emulation	conf1	Exp-22-08-30T06-50-53	map-16B	10	0	87.8	2	34	[1, 1, 25, 7, 0]	[3, 2, 3, 2, 2, 2, 2, 2, 3, 3, 2, 2, 2, 2, 2, 2, 0, 2, 1, 2, 3, 2, 2, 2, 2, 2, 2, 2, 3, 2, 2, 2, 3, 2]
emulation	conf1	Exp-22-08-30T06-50-53	map-16B	11	1	92.07	0	34	[0, 2, 23, 9, 0]	[2, 2, 2, 2, 3, 2, 1, 2, 2, 2, 3, 2, 3, 2, 2, 3, 3, 2, 3, 2, 2, 3, 2, 2, 2, 2, 2, 3, 3, 2, 2, 2, 2, 1]
emulation	conf1	Exp-22-08-30T06-50-53	map-16BD	0	0	77.56	3	35	[4, 0, 21, 7, 3]	[3, 2, 2, 3, 2, 2, 2, 2, 2, 2, 2, 3, 2, 2, 2, 3, 2, 0, 2, 2, 3, 0, 0, 2, 2, 2, 2, 2, 0, 3, 2, 4, 4, 4, 3]
emulation	conf1	Exp-22-08-30T06-50-53	map-16BD	1	0	72.44	1	35	[1, 0, 25, 9, 0]	[2, 2, 3, 2, 2, 3, 3, 2, 2, 2, 2, 3, 3, 3, 2, 2, 2, 2, 2, 2, 2, 2, 2, 2, 2, 0, 3, 3, 3, 2, 2, 2, 2, 2, 2]
emulation	conf1	Exp-22-08-30T06-50-53	map-16BD	2	0	60.26	2	33	[2, 2, 20, 8, 1]	[2, 3, 2, 3, 3, 2, 1, 3, 2, 2, 3, 2, 2, 3, 2, 3, 2, 2, 3, 2, 2, 2, 2, 4, 2, 1, 0, 2, 2, 2, 0, 2, 2]
emulation	conf1	Exp-22-08-30T06-50-53	map-16BD	3	0	84.62	2	34	[2, 1, 24, 7, 0]	[2, 3, 2, 3, 2, 2, 2, 2, 2, 2, 2, 2, 2, 3, 2, 2, 3, 2, 2, 3, 2, 2, 0, 1, 0, 2, 2, 3, 2, 3, 2, 2, 2, 2]
emulation	conf1	Exp-22-08-30T06-50-53	map-16BD	4	0	71.79	4	33	[3, 2, 20, 8, 0]	[2, 2, 2, 3, 3, 2, 2, 3, 3, 3, 2, 0, 2, 3, 2, 2, 2, 2, 2, 1, 2, 2, 2, 3, 2, 1, 2, 2, 0, 0, 3, 2, 2]
emulation	conf1	Exp-22-08-30T06-50-53	map-16BD	5	1	100.0	2	33	[0, 0, 27, 5, 1]	[2, 2, 3, 2, 2, 2, 2, 3, 4, 2, 2, 2, 2, 2, 2, 2, 3, 3, 2, 3, 2, 2, 2, 2, 2, 2, 2, 2, 2, 2, 2, 2, 2]
emulation	conf1	Exp-22-08-30T06-50-53	map-16BD	6	0	67.31	1	34	[1, 1, 22, 8, 2]	[2, 4, 2, 2, 3, 2, 2, 2, 2, 2, 2, 2, 2, 1, 2, 3, 2, 2, 3, 2, 3, 4, 3, 3, 2, 3, 2, 2, 2, 2, 2, 2, 3, 0]
emulation	conf1	Exp-22-08-30T06-50-53	map-16BD	7	0	44.23	1	35	[1, 0, 29, 4, 1]	[2, 2, 2, 2, 2, 2, 2, 2, 2, 2, 2, 2, 3, 2, 2, 0, 2, 2, 2, 2, 2, 2, 3, 3, 2, 2, 2, 2, 3, 2, 2, 2, 4, 2, 2]
emulation	conf1	Exp-22-08-30T06-50-53	map-16BD	8	1	100.0	0	32	[0, 1, 25, 6, 0]	[2, 2, 3, 2, 2, 2, 2, 2, 3, 2, 2, 2, 2, 2, 2, 2, 2, 3, 2, 2, 2, 3, 3, 2, 2, 2, 2, 3, 2, 2, 1, 2]
emulation	conf1	Exp-22-08-30T06-50-53	map-16BD	9	1	71.79	5	34	[5, 1, 23, 4, 1]	[3, 2, 2, 2, 4, 3, 2, 0, 2, 0, 2, 2, 2, 2, 2, 0, 2, 3, 2, 2, 2, 2, 0, 0, 3, 2, 2, 2, 2, 2, 1, 2, 2, 2]
emulation	conf1	Exp-22-08-30T06-50-53	map-16BD	10	0	79.49	2	35	[0, 2, 22, 11, 0]	[2, 1, 3, 2, 3, 3, 2, 2, 2, 3, 2, 2, 3, 2, 2, 3, 2, 2, 3, 2, 3, 2, 2, 1, 2, 3, 2, 2, 3, 3, 2, 2, 2, 2, 2]
emulation	conf1	Exp-22-08-30T06-50-53	map-16BD	11	1	89.74	4	35	[1, 0, 21, 12, 1]	[2, 3, 2, 2, 2, 2, 3, 2, 3, 2, 2, 3, 2, 3, 2, 2, 2, 3, 2, 3, 4, 2, 0, 3, 3, 2, 3, 3, 3, 2, 2, 2, 2, 2, 2]
emulation	conf2	Exp-22-08-30T06-50-53	map-16A	0	1	60.98	3	35	[3, 0, 24, 8, 0]	[2, 3, 3, 2, 2, 3, 2, 2, 2, 2, 3, 2, 2, 0, 2, 2, 2, 2, 2, 0, 2, 0, 2, 2, 2, 2, 2, 3, 2, 2, 3, 3, 3, 2, 2]
emulation	conf2	Exp-22-08-30T06-50-53	map-16A	1	0	19.51	5	36	[6, 2, 21, 3, 4]	[2, 2, 2, 0, 2, 2, 2, 3, 2, 0, 4, 2, 0, 2, 2, 0, 2, 3, 4, 2, 4, 0, 2, 1, 4, 2, 2, 2, 0, 2, 1, 3, 2, 2, 2, 2]
emulation	conf2	Exp-22-08-30T06-50-53	map-16A	2	0	51.22	3	35	[2, 4, 21, 3, 5]	[2, 2, 4, 2, 2, 1, 2, 0, 4, 1, 1, 2, 2, 2, 2, 2, 3, 2, 3, 0, 2, 2, 3, 4, 1, 2, 4, 2, 4, 2, 2, 2, 2, 2, 2]
emulation	conf2	Exp-22-08-30T06-50-53	map-16A	3	1	50.61	4	35	[2, 2, 18, 9, 4]	[3, 4, 3, 2, 2, 2, 0, 2, 4, 2, 1, 2, 2, 3, 2, 3, 3, 3, 2, 3, 3, 3, 2, 2, 2, 2, 0, 4, 2, 2, 2, 2, 4, 2, 1]
emulation	conf2	Exp-22-08-30T06-50-53	map-16A	4	0	26.83	4	36	[7, 2, 16, 10, 1]	[2, 2, 2, 2, 2, 0, 2, 2, 2, 0, 3, 2, 0, 3, 2, 0, 2, 3, 3, 4, 2, 1, 0, 2, 2, 1, 2, 3, 2, 0, 0, 3, 3, 3, 3, 3]
emulation	conf2	Exp-22-08-30T06-50-53	map-16A	5	0	6.71	4	36	[4, 1, 17, 12, 2]	[4, 2, 2, 2, 0, 2, 2, 4, 3, 3, 3, 3, 0, 1, 2, 0, 2, 3, 3, 2, 3, 3, 2, 2, 3, 3, 2, 3, 2, 2, 2, 3, 2, 0, 2, 2]
emulation	conf2	Exp-22-08-30T06-50-53	map-16A	6	0	40.24	7	36	[8, 5, 15, 8, 0]	[0, 2, 3, 1, 2, 0, 2, 3, 0, 3, 1, 3, 3, 3, 3, 2, 0, 1, 1, 2, 2, 2, 2, 2, 0, 1, 0, 2, 0, 2, 2, 3, 0, 2, 2, 2]
emulation	conf2	Exp-22-08-30T06-50-53	map-16A	7	1	64.02	3	36	[2, 1, 25, 7, 1]	[2, 0, 2, 2, 3, 2, 2, 3, 3, 3, 2, 2, 2, 2, 2, 2, 2, 2, 2, 2, 3, 2, 4, 2, 3, 2, 1, 2, 2, 3, 2, 2, 2, 0, 2, 2]
emulation	conf2	Exp-22-08-30T06-50-53	map-16A	8	0	49.39	3	34	[2, 3, 20, 4, 5]	[2, 2, 2, 3, 3, 2, 4, 2, 0, 2, 2, 2, 4, 2, 0, 2, 2, 1, 2, 2, 3, 4, 2, 2, 4, 2, 1, 1, 3, 2, 2, 2, 2, 4]
emulation	conf2	Exp-22-08-30T06-50-53	map-16A	9	0	32.32	9	34	[4, 3, 13, 12, 2]	[1, 2, 2, 4, 3, 2, 3, 3, 0, 2, 3, 2, 1, 3, 3, 2, 0, 2, 2, 1, 3, 0, 3, 0, 2, 3, 3, 2, 4, 3, 2, 2, 3, 2]
emulation	conf2	Exp-22-08-30T06-50-53	map-16A	10	0	54.27	5	36	[6, 2, 19, 9, 0]	[3, 2, 2, 2, 3, 2, 2, 1, 2, 2, 2, 3, 2, 0, 2, 0, 2, 2, 3, 2, 3, 3, 3, 0, 2, 2, 0, 0, 2, 1, 3, 0, 3, 2, 2, 2]
emulation	conf2	Exp-22-08-30T06-50-53	map-16A	11	1	65.24	5	35	[3, 3, 21, 6, 2]	[2, 2, 2, 4, 4, 2, 3, 2, 3, 2, 1, 2, 0, 1, 2, 2, 2, 2, 2, 2, 0, 3, 3, 2, 2, 0, 2, 2, 2, 2, 3, 1, 2, 2, 3]
emulation	conf2	Exp-22-08-30T06-50-53	map-16AD	0	1	67.31	0	36	[1, 1, 22, 10, 2]	[2, 0, 2, 2, 2, 3, 3, 2, 3, 2, 1, 2, 2, 3, 2, 3, 2, 2, 3, 3, 2, 2, 3, 4, 2, 2, 2, 3, 2, 2, 4, 3, 2, 2, 2, 2]
emulation	conf2	Exp-22-08-30T06-50-53	map-16AD	1	1	35.9	8	36	[6, 3, 14, 11, 2]	[3, 2, 3, 2, 0, 3, 2, 2, 0, 3, 3, 0, 3, 0, 2, 0, 2, 3, 3, 2, 2, 2, 2, 1, 3, 3, 0, 2, 1, 4, 1, 2, 4, 3, 2, 2]
emulation	conf2	Exp-22-08-30T06-50-53	map-16AD	2	1	89.74	0	34	[2, 5, 22, 4, 1]	[2, 4, 3, 2, 2, 1, 2, 2, 3, 3, 2, 2, 1, 2, 2, 2, 3, 2, 2, 0, 2, 2, 1, 2, 2, 2, 1, 2, 2, 1, 2, 2, 0, 2]
emulation	conf2	Exp-22-08-30T06-50-53	map-16AD	3	1	92.95	2	36	[1, 2, 24, 8, 1]	[2, 3, 3, 2, 2, 3, 4, 2, 2, 2, 2, 2, 1, 2, 2, 2, 2, 3, 2, 3, 2, 3, 2, 2, 2, 3, 3, 2, 2, 1, 2, 2, 2, 2, 2, 0]
emulation	conf2	Exp-22-08-30T06-50-53	map-16AD	4	1	58.33	3	36	[2, 2, 22, 8, 2]	[2, 2, 2, 2, 3, 2, 0, 2, 3, 3, 2, 1, 2, 2, 2, 2, 2, 2, 2, 2, 2, 2, 1, 3, 2, 2, 3, 3, 4, 2, 4, 2, 3, 0, 2, 3]
emulation	conf2	Exp-22-08-30T06-50-53	map-16AD	5	1	57.05	3	36	[5, 3, 21, 5, 2]	[4, 0, 2, 2, 3, 3, 0, 2, 2, 2, 0, 2, 2, 1, 2, 2, 2, 2, 2, 2, 2, 2, 2, 1, 2, 0, 2, 2, 3, 0, 2, 2, 4, 1, 3, 3]
emulation	conf2	Exp-22-08-30T06-50-53	map-16AD	6	1	87.18	1	35	[1, 1, 23, 9, 1]	[2, 2, 3, 2, 2, 2, 3, 3, 2, 2, 3, 2, 2, 2, 2, 3, 3, 2, 3, 2, 2, 2, 2, 1, 2, 4, 0, 2, 3, 2, 2, 3, 2, 2, 2]
emulation	conf2	Exp-22-08-30T06-50-53	map-16AD	7	1	48.72	7	37	[5, 1, 21, 8, 2]	[2, 2, 4, 3, 2, 2, 0, 3, 2, 2, 2, 3, 3, 0, 2, 2, 3, 1, 4, 2, 2, 3, 0, 3, 2, 2, 2, 2, 2, 2, 0, 2, 2, 0, 3, 2, 2]
emulation	conf2	Exp-22-08-30T06-50-53	map-16AD	8	0	26.28	3	36	[2, 7, 20, 5, 2]	[1, 2, 4, 2, 3, 2, 2, 2, 2, 4, 2, 1, 2, 2, 2, 2, 3, 1, 2, 2, 2, 2, 1, 0, 2, 1, 1, 2, 1, 2, 3, 0, 3, 2, 3, 2]
emulation	conf2	Exp-22-08-30T06-50-53	map-16AD	9	0	47.44	2	37	[3, 4, 16, 13, 1]	[2, 2, 0, 0, 2, 3, 1, 1, 3, 2, 1, 2, 3, 2, 4, 3, 3, 3, 2, 2, 3, 3, 2, 2, 2, 0, 3, 3, 2, 3, 2, 2, 3, 3, 1, 2, 2]
emulation	conf2	Exp-22-08-30T06-50-53	map-16AD	10	1	91.67	1	37	[1, 7, 23, 6, 0]	[2, 1, 2, 3, 2, 2, 1, 3, 2, 1, 2, 1, 2, 2, 2, 3, 2, 2, 0, 2, 1, 2, 2, 3, 2, 2, 1, 2, 2, 2, 2, 3, 2, 2, 3, 2, 1]
emulation	conf2	Exp-22-08-30T06-50-53	map-16AD	11	1	53.85	7	36	[7, 1, 15, 10, 3]	[0, 2, 0, 3, 2, 3, 3, 2, 2, 3, 0, 3, 3, 2, 0, 0, 1, 3, 2, 2, 2, 2, 4, 4, 2, 2, 0, 0, 3, 2, 3, 4, 2, 3, 2, 2]
emulation	conf2	Exp-22-08-30T06-50-53	map-16B	0	0	45.73	5	36	[2, 4, 20, 8, 2]	[2, 2, 1, 2, 3, 2, 2, 3, 3, 2, 3, 4, 2, 3, 0, 2, 3, 2, 2, 2, 3, 3, 2, 2, 2, 2, 1, 2, 2, 0, 1, 4, 2, 1, 2, 2]
emulation	conf2	Exp-22-08-30T06-50-53	map-16B	1	1	37.2	3	36	[6, 2, 12, 14, 2]	[0, 2, 3, 3, 2, 1, 1, 0, 4, 3, 2, 0, 3, 0, 2, 0, 2, 2, 3, 3, 2, 2, 2, 3, 2, 2, 3, 3, 2, 3, 3, 3, 3, 4, 0, 3]
emulation	conf2	Exp-22-08-30T06-50-53	map-16B	2	0	70.73	1	36	[3, 1, 24, 8, 0]	[2, 2, 2, 2, 2, 2, 3, 3, 2, 0, 3, 2, 0, 3, 3, 3, 2, 0, 2, 2, 2, 1, 2, 2, 2, 2, 2, 3, 2, 2, 2, 2, 2, 2, 3, 2]
emulation	conf2	Exp-22-08-30T06-50-53	map-16B	3	0	68.29	5	35	[3, 3, 20, 7, 2]	[2, 4, 2, 1, 0, 0, 3, 2, 2, 3, 1, 3, 0, 2, 2, 2, 3, 2, 2, 4, 2, 2, 2, 2, 3, 3, 2, 2, 1, 2, 3, 2, 2, 2, 2]
emulation	conf2	Exp-22-08-30T06-50-53	map-16B	4	0	52.44	2	37	[2, 3, 23, 8, 1]	[1, 2, 2, 2, 2, 2, 2, 2, 1, 2, 3, 3, 2, 2, 2, 3, 2, 3, 2, 3, 2, 2, 2, 3, 2, 2, 2, 4, 2, 2, 1, 0, 0, 2, 3, 3, 2]
emulation	conf2	Exp-22-08-30T06-50-53	map-16B	5	0	1.22	1	38	[4, 4, 21, 8, 1]	[2, 2, 4, 0, 0, 1, 3, 1, 2, 2, 3, 3, 2, 3, 2, 3, 1, 2, 3, 2, 2, 2, 2, 2, 2, 0, 2, 2, 3, 2, 2, 1, 0, 2, 3, 2, 2, 2]
emulation	conf2	Exp-22-08-30T06-50-53	map-16B	6	1	12.8	2	37	[6, 1, 19, 9, 2]	[0, 3, 0, 2, 3, 2, 2, 2, 4, 2, 2, 2, 2, 0, 2, 1, 2, 2, 4, 3, 2, 0, 3, 3, 0, 2, 0, 2, 2, 2, 3, 3, 3, 2, 2, 3, 2]
emulation	conf2	Exp-22-08-30T06-50-53	map-16B	7	1	34.76	10	36	[5, 3, 12, 11, 5]	[2, 3, 0, 3, 0, 2, 3, 2, 3, 2, 2, 4, 2, 3, 4, 4, 3, 4, 4, 3, 0, 0, 3, 2, 2, 0, 3, 2, 1, 1, 2, 2, 3, 3, 2, 1]
emulation	conf2	Exp-22-08-30T06-50-53	map-16B	8	0	58.54	5	36	[2, 2, 22, 8, 2]	[2, 2, 1, 3, 4, 2, 2, 2, 4, 2, 3, 2, 2, 2, 3, 2, 3, 2, 2, 1, 3, 2, 0, 3, 2, 3, 2, 2, 2, 0, 2, 3, 2, 2, 2, 2]
emulation	conf2	Exp-22-08-30T06-50-53	map-16B	9	0	5.49	1	36	[8, 3, 17, 6, 2]	[2, 2, 3, 2, 1, 1, 4, 3, 2, 2, 2, 0, 0, 2, 3, 0, 2, 2, 3, 0, 2, 2, 2, 1, 0, 2, 0, 0, 2, 2, 3, 0, 2, 2, 4, 3]
emulation	conf2	Exp-22-08-30T06-50-53	map-16B	10	0	28.66	2	37	[6, 5, 15, 10, 1]	[2, 0, 2, 2, 0, 2, 3, 2, 0, 0, 2, 2, 4, 2, 2, 2, 1, 3, 1, 3, 0, 3, 3, 3, 2, 1, 2, 3, 3, 2, 2, 3, 0, 2, 3, 1, 1]
emulation	conf2	Exp-22-08-30T06-50-53	map-16B	11	0	64.63	5	37	[3, 3, 23, 6, 2]	[4, 2, 2, 2, 3, 0, 3, 2, 3, 2, 1, 2, 3, 2, 2, 2, 4, 2, 2, 2, 3, 2, 2, 2, 2, 2, 0, 2, 2, 2, 3, 1, 0, 1, 2, 2, 2]
emulation	conf2	Exp-22-08-30T06-50-53	map-16BD	0	1	95.51	2	37	[3, 1, 21, 12, 0]	[2, 2, 2, 3, 3, 3, 2, 3, 2, 2, 3, 2, 2, 2, 3, 0, 3, 2, 3, 2, 2, 2, 2, 2, 2, 2, 2, 0, 3, 0, 1, 3, 3, 2, 2, 2, 3]
emulation	conf2	Exp-22-08-30T06-50-53	map-16BD	1	0	46.15	3	37	[6, 1, 15, 13, 2]	[2, 3, 4, 2, 2, 2, 3, 2, 2, 2, 2, 3, 2, 3, 0, 0, 3, 2, 0, 2, 0, 0, 3, 2, 2, 3, 2, 3, 4, 3, 3, 2, 3, 0, 3, 3, 1]
emulation	conf2	Exp-22-08-30T06-50-53	map-16BD	2	0	53.85	2	36	[7, 3, 21, 3, 2]	[2, 2, 2, 2, 3, 2, 2, 3, 0, 2, 1, 2, 2, 2, 2, 0, 3, 2, 2, 0, 0, 2, 2, 4, 2, 2, 2, 1, 0, 0, 2, 4, 2, 0, 2, 1]
emulation	conf2	Exp-22-08-30T06-50-53	map-16BD	3	0	63.46	4	39	[3, 5, 21, 8, 2]	[0, 2, 2, 0, 3, 3, 2, 2, 1, 2, 2, 2, 1, 2, 1, 2, 2, 3, 1, 2, 4, 0, 3, 2, 3, 2, 2, 2, 4, 3, 2, 3, 2, 1, 2, 2, 3, 2, 2]
emulation	conf2	Exp-22-08-30T06-50-53	map-16BD	4	0	10.9	3	38	[4, 2, 25, 6, 1]	[2, 0, 2, 2, 4, 2, 2, 0, 3, 2, 2, 2, 2, 1, 1, 2, 2, 2, 2, 2, 2, 3, 2, 2, 2, 3, 2, 2, 3, 2, 3, 2, 2, 0, 2, 3, 0, 2]
emulation	conf2	Exp-22-08-30T06-50-53	map-16BD	5	0	44.87	5	37	[3, 6, 18, 7, 3]	[2, 3, 1, 1, 4, 2, 3, 3, 4, 2, 2, 2, 2, 3, 1, 2, 2, 2, 2, 0, 1, 2, 2, 2, 2, 1, 3, 0, 2, 2, 1, 3, 3, 2, 0, 2, 4]
emulation	conf2	Exp-22-08-30T06-50-53	map-16BD	6	0	67.31	1	38	[4, 0, 23, 11, 0]	[2, 2, 3, 2, 2, 2, 2, 2, 3, 2, 3, 3, 3, 2, 0, 2, 2, 0, 2, 0, 2, 3, 2, 3, 2, 2, 2, 2, 2, 2, 3, 3, 2, 3, 2, 2, 0, 3]
emulation	conf2	Exp-22-08-30T06-50-53	map-16BD	7	0	69.87	4	38	[2, 4, 21, 8, 3]	[2, 2, 4, 2, 2, 2, 0, 2, 1, 2, 2, 3, 2, 2, 0, 2, 3, 3, 2, 3, 3, 4, 3, 2, 3, 2, 2, 2, 1, 2, 2, 2, 4, 1, 2, 1, 2, 3]
emulation	conf2	Exp-22-08-30T06-50-53	map-16BD	8	0	43.59	4	38	[5, 4, 19, 7, 3]	[2, 3, 0, 0, 2, 3, 2, 0, 1, 2, 2, 3, 2, 4, 3, 4, 2, 2, 1, 2, 4, 2, 2, 2, 0, 3, 2, 3, 2, 2, 1, 2, 2, 2, 1, 2, 0, 3]
emulation	conf2	Exp-22-08-30T06-50-53	map-16BD	9	0	58.33	2	38	[4, 2, 22, 7, 3]	[3, 2, 2, 2, 2, 3, 1, 1, 0, 2, 2, 3, 3, 3, 0, 0, 2, 4, 2, 2, 2, 0, 4, 2, 2, 2, 2, 2, 2, 2, 2, 2, 2, 3, 3, 4, 2, 2]
emulation	conf2	Exp-22-08-30T06-50-53	map-16BD	10	1	100.0	0	36	[1, 1, 24, 7, 3]	[2, 3, 2, 2, 2, 2, 3, 3, 2, 2, 2, 2, 2, 3, 2, 3, 2, 2, 2, 0, 2, 2, 1, 2, 2, 2, 4, 4, 4, 3, 2, 2, 2, 2, 3, 2]
emulation	conf2	Exp-22-08-30T06-50-53	map-16BD	11	0	14.1	3	37	[5, 2, 17, 9, 4]	[2, 3, 2, 0, 2, 2, 2, 2, 0, 2, 0, 4, 1, 4, 3, 3, 3, 3, 2, 3, 3, 2, 3, 1, 2, 2, 3, 2, 2, 4, 2, 0, 2, 2, 2, 0, 4]
emulation	conf0	Exp-22-11-03T22-10-07	map-16A	0	1	100.0	1	31	[0, 0, 31, 0, 0]	[2, 2, 2, 2, 2, 2, 2, 2, 2, 2, 2, 2, 2, 2, 2, 2, 2, 2, 2, 2, 2, 2, 2, 2, 2, 2, 2, 2, 2, 2, 2]
emulation	conf0	Exp-22-11-03T22-10-07	map-16A	1	1	100.0	1	41	[0, 0, 41, 0, 0]	[2, 2, 2, 2, 2, 2, 2, 2, 2, 2, 2, 2, 2, 2, 2, 2, 2, 2, 2, 2, 2, 2, 2, 2, 2, 2, 2, 2, 2, 2, 2, 2, 2, 2, 2, 2, 2, 2, 2, 2, 2]
emulation	conf0	Exp-22-11-03T22-10-07	map-16A	2	1	100.0	1	38	[0, 0, 38, 0, 0]	[2, 2, 2, 2, 2, 2, 2, 2, 2, 2, 2, 2, 2, 2, 2, 2, 2, 2, 2, 2, 2, 2, 2, 2, 2, 2, 2, 2, 2, 2, 2, 2, 2, 2, 2, 2, 2, 2]
emulation	conf0	Exp-22-11-03T22-10-07	map-16A	3	1	100.0	1	39	[0, 0, 39, 0, 0]	[2, 2, 2, 2, 2, 2, 2, 2, 2, 2, 2, 2, 2, 2, 2, 2, 2, 2, 2, 2, 2, 2, 2, 2, 2, 2, 2, 2, 2, 2, 2, 2, 2, 2, 2, 2, 2, 2, 2]
emulation	conf0	Exp-22-11-03T22-10-07	map-16A	4	1	100.0	1	35	[0, 0, 35, 0, 0]	[2, 2, 2, 2, 2, 2, 2, 2, 2, 2, 2, 2, 2, 2, 2, 2, 2, 2, 2, 2, 2, 2, 2, 2, 2, 2, 2, 2, 2, 2, 2, 2, 2, 2, 2]
emulation	conf0	Exp-22-11-03T22-10-07	map-16A	5	1	100.0	1	34	[0, 0, 34, 0, 0]	[2, 2, 2, 2, 2, 2, 2, 2, 2, 2, 2, 2, 2, 2, 2, 2, 2, 2, 2, 2, 2, 2, 2, 2, 2, 2, 2, 2, 2, 2, 2, 2, 2, 2]
emulation	conf0	Exp-22-11-03T22-10-07	map-16A	6	1	100.0	1	41	[0, 0, 41, 0, 0]	[2, 2, 2, 2, 2, 2, 2, 2, 2, 2, 2, 2, 2, 2, 2, 2, 2, 2, 2, 2, 2, 2, 2, 2, 2, 2, 2, 2, 2, 2, 2, 2, 2, 2, 2, 2, 2, 2, 2, 2, 2]
emulation	conf0	Exp-22-11-03T22-10-07	map-16A	7	1	100.0	1	40	[0, 0, 40, 0, 0]	[2, 2, 2, 2, 2, 2, 2, 2, 2, 2, 2, 2, 2, 2, 2, 2, 2, 2, 2, 2, 2, 2, 2, 2, 2, 2, 2, 2, 2, 2, 2, 2, 2, 2, 2, 2, 2, 2, 2, 2]
emulation	conf0	Exp-22-11-03T22-10-07	map-16A	8	1	100.0	1	26	[0, 0, 26, 0, 0]	[2, 2, 2, 2, 2, 2, 2, 2, 2, 2, 2, 2, 2, 2, 2, 2, 2, 2, 2, 2, 2, 2, 2, 2, 2, 2]
emulation	conf0	Exp-22-11-03T22-10-07	map-16A	9	1	100.0	1	30	[0, 0, 30, 0, 0]	[2, 2, 2, 2, 2, 2, 2, 2, 2, 2, 2, 2, 2, 2, 2, 2, 2, 2, 2, 2, 2, 2, 2, 2, 2, 2, 2, 2, 2, 2]
emulation	conf0	Exp-22-11-03T22-10-07	map-16A	10	1	100.0	1	40	[0, 0, 40, 0, 0]	[2, 2, 2, 2, 2, 2, 2, 2, 2, 2, 2, 2, 2, 2, 2, 2, 2, 2, 2, 2, 2, 2, 2, 2, 2, 2, 2, 2, 2, 2, 2, 2, 2, 2, 2, 2, 2, 2, 2, 2]
emulation	conf0	Exp-22-11-03T22-10-07	map-16A	11	1	100.0	1	27	[0, 0, 27, 0, 0]	[2, 2, 2, 2, 2, 2, 2, 2, 2, 2, 2, 2, 2, 2, 2, 2, 2, 2, 2, 2, 2, 2, 2, 2, 2, 2, 2]
emulation	conf0	Exp-22-11-03T22-10-07	map-16AD	0	1	100.0	1	24	[0, 0, 24, 0, 0]	[2, 2, 2, 2, 2, 2, 2, 2, 2, 2, 2, 2, 2, 2, 2, 2, 2, 2, 2, 2, 2, 2, 2, 2]
emulation	conf0	Exp-22-11-03T22-10-07	map-16AD	1	1	100.0	1	28	[0, 0, 28, 0, 0]	[2, 2, 2, 2, 2, 2, 2, 2, 2, 2, 2, 2, 2, 2, 2, 2, 2, 2, 2, 2, 2, 2, 2, 2, 2, 2, 2, 2]
emulation	conf0	Exp-22-11-03T22-10-07	map-16AD	2	1	100.0	1	21	[0, 0, 21, 0, 0]	[2, 2, 2, 2, 2, 2, 2, 2, 2, 2, 2, 2, 2, 2, 2, 2, 2, 2, 2, 2, 2]
emulation	conf0	Exp-22-11-03T22-10-07	map-16AD	3	1	100.0	1	30	[0, 0, 30, 0, 0]	[2, 2, 2, 2, 2, 2, 2, 2, 2, 2, 2, 2, 2, 2, 2, 2, 2, 2, 2, 2, 2, 2, 2, 2, 2, 2, 2, 2, 2, 2]
emulation	conf0	Exp-22-11-03T22-10-07	map-16AD	4	1	100.0	1	29	[0, 0, 29, 0, 0]	[2, 2, 2, 2, 2, 2, 2, 2, 2, 2, 2, 2, 2, 2, 2, 2, 2, 2, 2, 2, 2, 2, 2, 2, 2, 2, 2, 2, 2]
emulation	conf0	Exp-22-11-03T22-10-07	map-16AD	5	1	100.0	1	31	[0, 0, 31, 0, 0]	[2, 2, 2, 2, 2, 2, 2, 2, 2, 2, 2, 2, 2, 2, 2, 2, 2, 2, 2, 2, 2, 2, 2, 2, 2, 2, 2, 2, 2, 2, 2]
emulation	conf0	Exp-22-11-03T22-10-07	map-16AD	6	1	100.0	1	36	[0, 0, 36, 0, 0]	[2, 2, 2, 2, 2, 2, 2, 2, 2, 2, 2, 2, 2, 2, 2, 2, 2, 2, 2, 2, 2, 2, 2, 2, 2, 2, 2, 2, 2, 2, 2, 2, 2, 2, 2, 2]
emulation	conf0	Exp-22-11-03T22-10-07	map-16AD	7	1	100.0	1	26	[0, 0, 26, 0, 0]	[2, 2, 2, 2, 2, 2, 2, 2, 2, 2, 2, 2, 2, 2, 2, 2, 2, 2, 2, 2, 2, 2, 2, 2, 2, 2]
emulation	conf0	Exp-22-11-03T22-10-07	map-16AD	8	1	100.0	1	27	[0, 0, 27, 0, 0]	[2, 2, 2, 2, 2, 2, 2, 2, 2, 2, 2, 2, 2, 2, 2, 2, 2, 2, 2, 2, 2, 2, 2, 2, 2, 2, 2]
emulation	conf0	Exp-22-11-03T22-10-07	map-16AD	9	1	100.0	1	29	[0, 0, 29, 0, 0]	[2, 2, 2, 2, 2, 2, 2, 2, 2, 2, 2, 2, 2, 2, 2, 2, 2, 2, 2, 2, 2, 2, 2, 2, 2, 2, 2, 2, 2]
emulation	conf0	Exp-22-11-03T22-10-07	map-16AD	10	1	100.0	1	41	[0, 0, 41, 0, 0]	[2, 2, 2, 2, 2, 2, 2, 2, 2, 2, 2, 2, 2, 2, 2, 2, 2, 2, 2, 2, 2, 2, 2, 2, 2, 2, 2, 2, 2, 2, 2, 2, 2, 2, 2, 2, 2, 2, 2, 2, 2]
emulation	conf0	Exp-22-11-03T22-10-07	map-16AD	11	1	100.0	1	27	[0, 0, 27, 0, 0]	[2, 2, 2, 2, 2, 2, 2, 2, 2, 2, 2, 2, 2, 2, 2, 2, 2, 2, 2, 2, 2, 2, 2, 2, 2, 2, 2]
emulation	conf0	Exp-22-11-03T22-10-07	map-16B	0	1	100.0	1	27	[0, 0, 27, 0, 0]	[2, 2, 2, 2, 2, 2, 2, 2, 2, 2, 2, 2, 2, 2, 2, 2, 2, 2, 2, 2, 2, 2, 2, 2, 2, 2, 2]
emulation	conf0	Exp-22-11-03T22-10-07	map-16B	1	1	100.0	1	39	[0, 0, 39, 0, 0]	[2, 2, 2, 2, 2, 2, 2, 2, 2, 2, 2, 2, 2, 2, 2, 2, 2, 2, 2, 2, 2, 2, 2, 2, 2, 2, 2, 2, 2, 2, 2, 2, 2, 2, 2, 2, 2, 2, 2]
emulation	conf0	Exp-22-11-03T22-10-07	map-16B	2	1	100.0	1	33	[0, 0, 33, 0, 0]	[2, 2, 2, 2, 2, 2, 2, 2, 2, 2, 2, 2, 2, 2, 2, 2, 2, 2, 2, 2, 2, 2, 2, 2, 2, 2, 2, 2, 2, 2, 2, 2, 2]
emulation	conf0	Exp-22-11-03T22-10-07	map-16B	3	1	100.0	1	28	[0, 0, 28, 0, 0]	[2, 2, 2, 2, 2, 2, 2, 2, 2, 2, 2, 2, 2, 2, 2, 2, 2, 2, 2, 2, 2, 2, 2, 2, 2, 2, 2, 2]
emulation	conf0	Exp-22-11-03T22-10-07	map-16B	4	1	100.0	1	37	[0, 0, 37, 0, 0]	[2, 2, 2, 2, 2, 2, 2, 2, 2, 2, 2, 2, 2, 2, 2, 2, 2, 2, 2, 2, 2, 2, 2, 2, 2, 2, 2, 2, 2, 2, 2, 2, 2, 2, 2, 2, 2]
emulation	conf0	Exp-22-11-03T22-10-07	map-16B	5	1	100.0	1	42	[0, 0, 42, 0, 0]	[2, 2, 2, 2, 2, 2, 2, 2, 2, 2, 2, 2, 2, 2, 2, 2, 2, 2, 2, 2, 2, 2, 2, 2, 2, 2, 2, 2, 2, 2, 2, 2, 2, 2, 2, 2, 2, 2, 2, 2, 2, 2]
emulation	conf0	Exp-22-11-03T22-10-07	map-16B	6	1	100.0	1	24	[0, 0, 24, 0, 0]	[2, 2, 2, 2, 2, 2, 2, 2, 2, 2, 2, 2, 2, 2, 2, 2, 2, 2, 2, 2, 2, 2, 2, 2]
emulation	conf0	Exp-22-11-03T22-10-07	map-16B	7	1	100.0	1	43	[0, 0, 43, 0, 0]	[2, 2, 2, 2, 2, 2, 2, 2, 2, 2, 2, 2, 2, 2, 2, 2, 2, 2, 2, 2, 2, 2, 2, 2, 2, 2, 2, 2, 2, 2, 2, 2, 2, 2, 2, 2, 2, 2, 2, 2, 2, 2, 2]
emulation	conf0	Exp-22-11-03T22-10-07	map-16B	8	1	100.0	1	35	[0, 0, 35, 0, 0]	[2, 2, 2, 2, 2, 2, 2, 2, 2, 2, 2, 2, 2, 2, 2, 2, 2, 2, 2, 2, 2, 2, 2, 2, 2, 2, 2, 2, 2, 2, 2, 2, 2, 2, 2]
emulation	conf0	Exp-22-11-03T22-10-07	map-16B	9	1	100.0	1	26	[0, 0, 26, 0, 0]	[2, 2, 2, 2, 2, 2, 2, 2, 2, 2, 2, 2, 2, 2, 2, 2, 2, 2, 2, 2, 2, 2, 2, 2, 2, 2]
emulation	conf0	Exp-22-11-03T22-10-07	map-16B	10	1	100.0	1	40	[0, 0, 40, 0, 0]	[2, 2, 2, 2, 2, 2, 2, 2, 2, 2, 2, 2, 2, 2, 2, 2, 2, 2, 2, 2, 2, 2, 2, 2, 2, 2, 2, 2, 2, 2, 2, 2, 2, 2, 2, 2, 2, 2, 2, 2]
emulation	conf0	Exp-22-11-03T22-10-07	map-16B	11	1	100.0	1	39	[0, 0, 39, 0, 0]	[2, 2, 2, 2, 2, 2, 2, 2, 2, 2, 2, 2, 2, 2, 2, 2, 2, 2, 2, 2, 2, 2, 2, 2, 2, 2, 2, 2, 2, 2, 2, 2, 2, 2, 2, 2, 2, 2, 2]
emulation	conf0	Exp-22-11-03T22-10-07	map-16BD	0	1	100.0	1	26	[0, 0, 26, 0, 0]	[2, 2, 2, 2, 2, 2, 2, 2, 2, 2, 2, 2, 2, 2, 2, 2, 2, 2, 2, 2, 2, 2, 2, 2, 2, 2]
emulation	conf0	Exp-22-11-03T22-10-07	map-16BD	1	1	100.0	1	24	[0, 0, 24, 0, 0]	[2, 2, 2, 2, 2, 2, 2, 2, 2, 2, 2, 2, 2, 2, 2, 2, 2, 2, 2, 2, 2, 2, 2, 2]
emulation	conf0	Exp-22-11-03T22-10-07	map-16BD	2	1	100.0	1	28	[0, 0, 28, 0, 0]	[2, 2, 2, 2, 2, 2, 2, 2, 2, 2, 2, 2, 2, 2, 2, 2, 2, 2, 2, 2, 2, 2, 2, 2, 2, 2, 2, 2]
emulation	conf0	Exp-22-11-03T22-10-07	map-16BD	3	1	100.0	1	26	[0, 0, 26, 0, 0]	[2, 2, 2, 2, 2, 2, 2, 2, 2, 2, 2, 2, 2, 2, 2, 2, 2, 2, 2, 2, 2, 2, 2, 2, 2, 2]
emulation	conf0	Exp-22-11-03T22-10-07	map-16BD	4	1	100.0	1	34	[0, 0, 34, 0, 0]	[2, 2, 2, 2, 2, 2, 2, 2, 2, 2, 2, 2, 2, 2, 2, 2, 2, 2, 2, 2, 2, 2, 2, 2, 2, 2, 2, 2, 2, 2, 2, 2, 2, 2]
emulation	conf0	Exp-22-11-03T22-10-07	map-16BD	5	1	100.0	1	22	[0, 0, 22, 0, 0]	[2, 2, 2, 2, 2, 2, 2, 2, 2, 2, 2, 2, 2, 2, 2, 2, 2, 2, 2, 2, 2, 2]
emulation	conf0	Exp-22-11-03T22-10-07	map-16BD	6	1	100.0	1	30	[0, 0, 30, 0, 0]	[2, 2, 2, 2, 2, 2, 2, 2, 2, 2, 2, 2, 2, 2, 2, 2, 2, 2, 2, 2, 2, 2, 2, 2, 2, 2, 2, 2, 2, 2]
emulation	conf0	Exp-22-11-03T22-10-07	map-16BD	7	1	100.0	1	32	[0, 0, 32, 0, 0]	[2, 2, 2, 2, 2, 2, 2, 2, 2, 2, 2, 2, 2, 2, 2, 2, 2, 2, 2, 2, 2, 2, 2, 2, 2, 2, 2, 2, 2, 2, 2, 2]
emulation	conf0	Exp-22-11-03T22-10-07	map-16BD	8	1	100.0	1	28	[0, 0, 28, 0, 0]	[2, 2, 2, 2, 2, 2, 2, 2, 2, 2, 2, 2, 2, 2, 2, 2, 2, 2, 2, 2, 2, 2, 2, 2, 2, 2, 2, 2]
emulation	conf0	Exp-22-11-03T22-10-07	map-16BD	9	1	100.0	1	31	[0, 0, 31, 0, 0]	[2, 2, 2, 2, 2, 2, 2, 2, 2, 2, 2, 2, 2, 2, 2, 2, 2, 2, 2, 2, 2, 2, 2, 2, 2, 2, 2, 2, 2, 2, 2]
emulation	conf0	Exp-22-11-03T22-10-07	map-16BD	10	1	100.0	1	29	[0, 0, 29, 0, 0]	[2, 2, 2, 2, 2, 2, 2, 2, 2, 2, 2, 2, 2, 2, 2, 2, 2, 2, 2, 2, 2, 2, 2, 2, 2, 2, 2, 2, 2]
emulation	conf0	Exp-22-11-03T22-10-07	map-16BD	11	1	100.0	1	29	[0, 0, 29, 0, 0]	[2, 2, 2, 2, 2, 2, 2, 2, 2, 2, 2, 2, 2, 2, 2, 2, 2, 2, 2, 2, 2, 2, 2, 2, 2, 2, 2, 2, 2]
emulation	conf7	Exp-22-08-29T08-57-20	map-16A	0	1	60.98	3	34	[2, 3, 18, 10, 1]	[3, 3, 2, 2, 2, 1, 2, 2, 2, 2, 0, 2, 2, 2, 2, 3, 1, 2, 2, 2, 3, 2, 2, 3, 4, 3, 0, 1, 3, 3, 2, 3, 3, 2]
emulation	conf7	Exp-22-08-29T08-57-20	map-16A	1	1	31.1	4	34	[5, 3, 16, 9, 1]	[2, 2, 4, 3, 2, 3, 3, 0, 1, 2, 2, 3, 2, 2, 0, 2, 1, 2, 0, 3, 2, 2, 2, 3, 3, 2, 3, 1, 2, 2, 3, 0, 2, 0]
emulation	conf7	Exp-22-08-29T08-57-20	map-16A	2	1	41.46	10	35	[2, 5, 15, 8, 5]	[2, 1, 4, 1, 4, 2, 2, 0, 2, 1, 4, 2, 3, 2, 2, 1, 0, 2, 1, 2, 3, 3, 2, 3, 3, 2, 2, 3, 3, 2, 2, 4, 3, 4, 2]
emulation	conf7	Exp-22-08-29T08-57-20	map-16A	3	1	48.78	3	34	[2, 2, 15, 11, 4]	[4, 3, 2, 2, 2, 2, 2, 2, 4, 3, 3, 1, 0, 3, 2, 3, 3, 3, 3, 2, 1, 2, 0, 2, 2, 3, 3, 3, 2, 2, 2, 4, 4, 2]
emulation	conf7	Exp-22-08-29T08-57-20	map-16A	4	1	58.54	4	34	[2, 1, 21, 9, 1]	[3, 2, 3, 2, 0, 2, 2, 2, 3, 2, 2, 2, 2, 3, 3, 3, 2, 0, 2, 2, 2, 2, 3, 2, 4, 2, 2, 2, 1, 2, 2, 3, 2, 3]
emulation	conf7	Exp-22-08-29T08-57-20	map-16A	5	0	30.49	2	35	[2, 3, 22, 8, 0]	[3, 3, 3, 2, 2, 2, 2, 0, 2, 1, 2, 2, 3, 2, 0, 2, 2, 2, 3, 3, 1, 2, 2, 2, 2, 2, 2, 2, 3, 2, 2, 2, 2, 3, 1]
emulation	conf7	Exp-22-08-29T08-57-20	map-16A	6	1	26.83	6	35	[3, 5, 12, 9, 6]	[2, 4, 2, 2, 4, 3, 0, 3, 1, 1, 3, 2, 3, 1, 1, 4, 4, 3, 4, 0, 3, 3, 2, 2, 3, 0, 2, 2, 2, 2, 4, 2, 1, 3, 2]
emulation	conf7	Exp-22-08-29T08-57-20	map-16A	7	0	17.68	6	34	[5, 1, 13, 13, 2]	[3, 0, 3, 3, 2, 3, 2, 0, 2, 4, 2, 2, 2, 3, 3, 0, 2, 4, 3, 2, 1, 3, 3, 2, 0, 2, 2, 3, 3, 0, 3, 2, 3, 2]
emulation	conf7	Exp-22-08-29T08-57-20	map-16A	8	1	55.49	4	35	[5, 1, 21, 7, 1]	[2, 0, 0, 2, 3, 2, 2, 2, 2, 2, 2, 0, 2, 3, 3, 2, 3, 2, 2, 2, 3, 2, 2, 4, 2, 3, 0, 2, 2, 3, 1, 2, 0, 2, 2]
emulation	conf7	Exp-22-08-29T08-57-20	map-16AD	0	1	55.13	4	35	[5, 5, 18, 7, 0]	[2, 0, 3, 2, 1, 1, 3, 2, 3, 2, 2, 0, 0, 2, 0, 2, 2, 1, 2, 2, 1, 2, 2, 3, 1, 3, 3, 2, 2, 2, 2, 2, 0, 2, 3]
emulation	conf7	Exp-22-08-29T08-57-20	map-16AD	1	1	57.69	2	36	[1, 4, 17, 12, 2]	[2, 2, 2, 3, 3, 3, 2, 2, 2, 1, 2, 1, 2, 3, 2, 2, 3, 3, 3, 2, 3, 4, 2, 2, 3, 3, 2, 2, 2, 1, 3, 4, 1, 3, 0, 2]
emulation	conf7	Exp-22-08-29T08-57-20	map-16AD	2	1	53.85	4	35	[3, 3, 19, 8, 2]	[2, 3, 3, 3, 2, 2, 0, 1, 0, 2, 2, 2, 3, 0, 2, 4, 3, 2, 3, 2, 2, 3, 2, 2, 2, 2, 2, 1, 4, 2, 1, 3, 2, 2, 2]
emulation	conf7	Exp-22-08-29T08-57-20	map-16AD	3	0	43.59	1	35	[1, 3, 18, 10, 3]	[2, 2, 2, 3, 2, 3, 1, 3, 3, 2, 2, 3, 3, 0, 2, 2, 4, 4, 2, 3, 1, 3, 2, 2, 3, 2, 4, 2, 2, 2, 2, 1, 3, 2, 2]
emulation	conf7	Exp-22-08-29T08-57-20	map-16AD	4	1	83.33	0	35	[1, 3, 23, 8, 0]	[2, 2, 2, 2, 3, 2, 2, 2, 1, 3, 2, 1, 2, 2, 3, 1, 2, 3, 3, 3, 2, 2, 2, 2, 2, 2, 3, 2, 2, 2, 2, 3, 0, 2, 2]
emulation	conf7	Exp-22-08-29T08-57-20	map-16AD	5	1	49.36	1	35	[1, 6, 17, 10, 1]	[2, 2, 2, 1, 2, 3, 1, 2, 1, 2, 2, 3, 2, 3, 3, 3, 3, 2, 2, 2, 3, 3, 0, 4, 2, 3, 2, 1, 1, 2, 2, 3, 2, 1, 2]
emulation	conf7	Exp-22-08-29T08-57-20	map-16AD	6	0	35.9	7	36	[8, 2, 16, 9, 1]	[3, 2, 0, 2, 3, 0, 0, 2, 0, 3, 2, 3, 2, 2, 0, 2, 2, 3, 2, 3, 2, 0, 0, 3, 2, 2, 1, 1, 0, 2, 2, 2, 3, 2, 4, 3]
emulation	conf7	Exp-22-08-29T08-57-20	map-16AD	7	1	86.54	5	36	[4, 0, 27, 2, 3]	[0, 2, 2, 2, 2, 2, 3, 2, 2, 2, 2, 4, 4, 2, 2, 2, 4, 2, 2, 2, 2, 2, 2, 0, 0, 2, 2, 2, 2, 2, 2, 3, 0, 2, 2, 2]
emulation	conf7	Exp-22-08-29T08-57-20	map-16AD	8	1	48.72	6	35	[2, 1, 23, 5, 4]	[2, 2, 2, 2, 4, 2, 2, 2, 2, 3, 3, 2, 2, 2, 2, 3, 2, 2, 2, 4, 4, 2, 4, 2, 0, 2, 1, 2, 3, 2, 2, 2, 0, 3, 2]
emulation	conf7	Exp-22-08-29T08-57-20	map-16B	0	0	55.49	5	35	[3, 4, 22, 5, 1]	[2, 2, 2, 2, 2, 2, 0, 1, 3, 4, 2, 2, 3, 2, 2, 2, 1, 2, 2, 3, 1, 2, 0, 2, 3, 2, 3, 2, 2, 2, 0, 2, 1, 2, 2]
emulation	conf7	Exp-22-08-29T08-57-20	map-16B	1	0	37.2	2	35	[1, 6, 20, 7, 1]	[2, 3, 1, 2, 1, 1, 2, 3, 3, 2, 3, 2, 2, 2, 2, 2, 2, 0, 2, 1, 4, 1, 2, 3, 2, 2, 1, 2, 2, 2, 2, 2, 3, 3, 2]
emulation	conf7	Exp-22-08-29T08-57-20	map-16B	2	0	28.05	1	35	[2, 1, 18, 12, 2]	[2, 2, 2, 2, 2, 2, 3, 2, 3, 2, 4, 0, 2, 4, 3, 3, 2, 3, 3, 3, 2, 2, 3, 3, 3, 3, 2, 0, 3, 2, 2, 1, 2, 2, 2]
emulation	conf7	Exp-22-08-29T08-57-20	map-16B	3	0	50.0	2	34	[5, 1, 20, 8, 0]	[3, 2, 3, 3, 2, 0, 2, 2, 3, 0, 2, 2, 3, 2, 3, 2, 2, 2, 2, 3, 0, 3, 1, 2, 2, 2, 0, 0, 2, 2, 2, 2, 2, 2]
emulation	conf7	Exp-22-08-29T08-57-20	map-16B	4	1	28.66	4	36	[6, 1, 20, 6, 3]	[0, 2, 0, 2, 2, 4, 2, 0, 0, 2, 3, 2, 2, 2, 0, 2, 2, 3, 2, 2, 2, 3, 2, 2, 1, 3, 2, 3, 0, 4, 2, 2, 2, 2, 3, 4]
emulation	conf7	Exp-22-08-29T08-57-20	map-16B	5	0	55.49	2	35	[1, 2, 23, 7, 2]	[3, 4, 2, 2, 2, 4, 1, 2, 3, 2, 2, 2, 2, 2, 2, 2, 2, 2, 2, 2, 1, 2, 3, 3, 2, 3, 2, 2, 3, 3, 2, 0, 2, 2, 2]
emulation	conf7	Exp-22-08-29T08-57-20	map-16B	6	1	62.2	1	34	[1, 2, 17, 12, 2]	[3, 2, 4, 2, 3, 2, 2, 2, 0, 1, 3, 2, 3, 3, 2, 2, 2, 2, 3, 2, 3, 3, 3, 2, 2, 3, 3, 2, 3, 1, 4, 2, 2, 2]
emulation	conf7	Exp-22-08-29T08-57-20	map-16B	7	0	89.63	1	36	[0, 2, 25, 8, 1]	[2, 2, 2, 3, 2, 3, 2, 2, 3, 1, 2, 2, 3, 2, 2, 2, 2, 1, 2, 2, 2, 2, 2, 3, 2, 2, 3, 3, 2, 2, 2, 2, 2, 3, 4, 2]
emulation	conf7	Exp-22-08-29T08-57-20	map-16B	8	0	80.49	2	36	[2, 1, 23, 8, 2]	[3, 2, 2, 3, 2, 2, 2, 2, 2, 4, 2, 0, 3, 2, 3, 2, 2, 2, 3, 2, 2, 2, 3, 2, 3, 1, 2, 2, 3, 2, 2, 2, 0, 2, 4, 2]
emulation	conf7	Exp-22-08-29T08-57-20	map-16BD	0	0	69.23	5	35	[4, 0, 21, 9, 1]	[2, 2, 2, 3, 2, 2, 0, 2, 2, 3, 3, 2, 2, 2, 2, 2, 3, 0, 2, 3, 3, 2, 3, 2, 2, 3, 2, 2, 2, 2, 0, 0, 4, 3, 2]
emulation	conf7	Exp-22-08-29T08-57-20	map-16BD	1	0	44.23	7	36	[4, 2, 18, 11, 1]	[3, 0, 3, 3, 3, 2, 2, 3, 3, 2, 4, 1, 2, 3, 2, 0, 2, 3, 2, 3, 2, 2, 2, 2, 2, 0, 2, 3, 0, 2, 3, 2, 2, 1, 2, 2]
emulation	conf7	Exp-22-08-29T08-57-20	map-16BD	2	0	80.77	1	36	[2, 4, 21, 8, 1]	[4, 3, 3, 3, 2, 2, 1, 0, 2, 2, 0, 2, 3, 1, 2, 2, 2, 3, 2, 3, 2, 2, 2, 2, 1, 2, 2, 2, 2, 2, 3, 3, 1, 2, 2, 2]
emulation	conf7	Exp-22-08-29T08-57-20	map-16BD	3	0	27.56	6	35	[5, 3, 16, 10, 1]	[2, 0, 2, 3, 2, 0, 2, 3, 2, 3, 2, 3, 3, 4, 3, 1, 2, 0, 2, 3, 2, 2, 0, 2, 2, 1, 3, 2, 1, 0, 2, 3, 2, 2, 3]
emulation	conf7	Exp-22-08-29T08-57-20	map-16BD	4	0	52.56	3	36	[4, 3, 19, 9, 1]	[0, 2, 2, 2, 3, 2, 2, 2, 2, 2, 2, 2, 3, 3, 0, 3, 3, 1, 2, 2, 0, 3, 2, 3, 2, 2, 3, 4, 0, 1, 3, 1, 2, 2, 2, 2]
emulation	conf7	Exp-22-08-29T08-57-20	map-16BD	5	0	42.95	4	35	[3, 2, 23, 5, 2]	[2, 0, 2, 1, 2, 2, 1, 2, 4, 2, 0, 3, 2, 3, 2, 2, 2, 2, 2, 4, 2, 2, 2, 0, 3, 2, 2, 3, 2, 2, 2, 2, 2, 2, 3]
emulation	conf7	Exp-22-08-29T08-57-20	map-16BD	6	0	37.82	3	36	[6, 2, 18, 8, 2]	[2, 0, 3, 2, 2, 0, 2, 2, 0, 3, 2, 2, 2, 3, 2, 2, 3, 4, 1, 4, 3, 2, 3, 0, 0, 3, 2, 2, 2, 2, 2, 3, 2, 2, 0, 1]
emulation	conf7	Exp-22-08-29T08-57-20	map-16BD	7	0	31.41	5	36	[6, 2, 13, 11, 4]	[3, 1, 2, 1, 2, 4, 3, 2, 2, 3, 2, 3, 4, 0, 0, 2, 2, 3, 3, 3, 0, 2, 2, 2, 4, 4, 3, 0, 3, 3, 2, 0, 2, 2, 0, 3]
emulation	conf7	Exp-22-08-29T08-57-20	map-16BD	8	0	58.97	3	35	[3, 3, 22, 5, 2]	[2, 2, 2, 2, 2, 0, 2, 2, 3, 2, 2, 2, 1, 2, 2, 2, 2, 2, 2, 1, 2, 0, 2, 4, 2, 3, 4, 2, 2, 1, 2, 3, 3, 3, 0]
